"July 17, 2019 at 07:26PM","July 17, 2019 at 07:35PM",544
"July 17, 2019 at 09:02PM","July 17, 2019 at 09:12PM",637
"July 17, 2019 at 10:41PM","July 17, 2019 at 10:48PM",408
"July 18, 2019 at 02:00AM","July 18, 2019 at 02:03AM",178
"July 18, 2019 at 03:35AM","July 18, 2019 at 03:45AM",562
"July 18, 2019 at 05:11AM","July 18, 2019 at 05:22AM",631
"July 18, 2019 at 06:38PM","July 18, 2019 at 06:45PM",415
"July 18, 2019 at 08:12PM","July 18, 2019 at 08:23PM",650
"July 18, 2019 at 09:51PM","July 18, 2019 at 09:59PM",498
"July 19, 2019 at 02:46AM","July 19, 2019 at 02:54AM",495
"July 19, 2019 at 04:22AM","July 19, 2019 at 04:33AM",644
"July 19, 2019 at 06:00AM","July 19, 2019 at 06:07AM",400
"July 19, 2019 at 07:23PM","July 19, 2019 at 07:34PM",639
"July 19, 2019 at 09:01PM","July 19, 2019 at 09:10PM",566
"July 19, 2019 at 10:42PM","July 19, 2019 at 10:45PM",181
"July 20, 2019 at 01:57AM","July 20, 2019 at 02:04AM",407
"July 20, 2019 at 03:33AM","July 20, 2019 at 03:44AM",632
"July 20, 2019 at 05:10AM","July 20, 2019 at 05:19AM",533
"July 20, 2019 at 06:34PM","July 20, 2019 at 06:44PM",599
"July 20, 2019 at 08:11PM","July 20, 2019 at 08:21PM",614
"July 20, 2019 at 09:51PM","July 20, 2019 at 09:56PM",328
"July 21, 2019 at 01:09AM","July 21, 2019 at 01:14AM",294
"July 21, 2019 at 02:44AM","July 21, 2019 at 02:54AM",599
"July 21, 2019 at 04:20AM","July 21, 2019 at 04:31AM",604
"July 21, 2019 at 05:46PM","July 21, 2019 at 05:55PM",518
"July 21, 2019 at 07:21PM","July 21, 2019 at 07:32PM",643
"July 21, 2019 at 09:00PM","July 21, 2019 at 09:08PM",435
"July 22, 2019 at 12:20AM","July 22, 2019 at 12:22AM",124
"July 22, 2019 at 01:55AM","July 22, 2019 at 02:04AM",547
"July 22, 2019 at 03:31AM","July 22, 2019 at 03:42AM",638
"July 22, 2019 at 05:11AM","July 22, 2019 at 05:14AM",188
"July 22, 2019 at 04:58PM","July 22, 2019 at 05:04PM",364
"July 22, 2019 at 06:32PM","July 22, 2019 at 06:43PM",650
"July 22, 2019 at 08:10PM","July 22, 2019 at 08:19PM",519
"July 23, 2019 at 01:06AM","July 23, 2019 at 01:14AM",474
"July 23, 2019 at 02:42AM","July 23, 2019 at 02:52AM",643
"July 23, 2019 at 04:20AM","July 23, 2019 at 04:27AM",444
"July 23, 2019 at 05:43PM","July 23, 2019 at 05:53PM",632
"July 23, 2019 at 07:20PM","July 23, 2019 at 07:30PM",582
"July 23, 2019 at 09:01PM","July 23, 2019 at 09:05PM",230
"July 24, 2019 at 12:17AM","July 24, 2019 at 12:23AM",381
"July 24, 2019 at 01:53AM","July 24, 2019 at 02:03AM",626
"July 24, 2019 at 03:30AM","July 24, 2019 at 03:39AM",557
"July 24, 2019 at 04:54PM","July 24, 2019 at 05:04PM",583
"July 24, 2019 at 06:30PM","July 24, 2019 at 06:41PM",625
"July 24, 2019 at 08:10PM","July 24, 2019 at 08:16PM",361
"July 24, 2019 at 11:28PM","July 24, 2019 at 11:33PM",259
"July 25, 2019 at 01:03AM","July 25, 2019 at 01:13AM",588
"July 25, 2019 at 02:40AM","July 25, 2019 at 02:50AM",617
"July 25, 2019 at 04:06PM","July 25, 2019 at 04:14PM",487
"July 25, 2019 at 05:41PM","July 25, 2019 at 05:52PM",648
"July 25, 2019 at 07:20PM","July 25, 2019 at 07:27PM",461
"July 26, 2019 at 12:14AM","July 26, 2019 at 12:23AM",530
"July 26, 2019 at 01:50AM","July 26, 2019 at 02:01AM",642
"July 26, 2019 at 03:29AM","July 26, 2019 at 03:34AM",290
"July 26, 2019 at 04:51PM","July 26, 2019 at 05:02PM",648
"July 26, 2019 at 06:29PM","July 26, 2019 at 06:38PM",538
"July 26, 2019 at 08:11PM","July 26, 2019 at 08:12PM",68
"July 26, 2019 at 11:25PM","July 26, 2019 at 11:33PM",453
"July 27, 2019 at 01:01AM","July 27, 2019 at 01:12AM",641
"July 27, 2019 at 02:39AM","July 27, 2019 at 02:47AM",483
"July 27, 2019 at 04:02PM","July 27, 2019 at 04:13PM",623
"July 27, 2019 at 05:39PM","July 27, 2019 at 05:49PM",596
"July 27, 2019 at 07:20PM","July 27, 2019 at 07:24PM",272
"July 27, 2019 at 10:37PM","July 27, 2019 at 10:42PM",353
"July 28, 2019 at 12:12AM","July 28, 2019 at 12:22AM",618
"July 28, 2019 at 01:49AM","July 28, 2019 at 01:58AM",578
"July 28, 2019 at 03:14PM","July 28, 2019 at 03:23PM",563
"July 28, 2019 at 04:50PM","July 28, 2019 at 05:00PM",634
"July 28, 2019 at 06:29PM","July 28, 2019 at 06:36PM",392
"July 28, 2019 at 09:48PM","July 28, 2019 at 09:52PM",221
"July 28, 2019 at 11:23PM","July 28, 2019 at 11:32PM",575
"July 29, 2019 at 12:59AM","July 29, 2019 at 01:10AM",627
"July 29, 2019 at 04:00PM","July 29, 2019 at 04:11PM",651
"July 29, 2019 at 05:39PM","July 29, 2019 at 05:47PM",485
"July 29, 2019 at 10:34PM","July 29, 2019 at 10:42PM",512
"July 30, 2019 at 12:10AM","July 30, 2019 at 12:21AM",645
"July 30, 2019 at 01:48AM","July 30, 2019 at 01:54AM",360
"July 30, 2019 at 03:11PM","July 30, 2019 at 03:22PM",645
"July 30, 2019 at 04:48PM","July 30, 2019 at 04:58PM",557
"July 30, 2019 at 06:30PM","July 30, 2019 at 06:32PM",151
"July 30, 2019 at 09:45PM","July 30, 2019 at 09:52PM",430
"July 30, 2019 at 11:21PM","July 30, 2019 at 11:31PM",638
"July 31, 2019 at 12:58AM","July 31, 2019 at 01:07AM",515
"July 31, 2019 at 02:22PM","July 31, 2019 at 02:32PM",611
"July 31, 2019 at 03:59PM","July 31, 2019 at 04:09PM",609
"July 31, 2019 at 05:39PM","July 31, 2019 at 05:44PM",309
"July 31, 2019 at 08:56PM","July 31, 2019 at 09:01PM",322
"July 31, 2019 at 10:31PM","July 31, 2019 at 10:42PM",609
"August 01, 2019 at 12:08AM","August 01, 2019 at 12:18AM",596
"August 01, 2019 at 03:09PM","August 01, 2019 at 03:19PM",641
"August 01, 2019 at 04:48PM","August 01, 2019 at 04:55PM",420
"August 01, 2019 at 08:07PM","August 01, 2019 at 08:10PM",174
"August 01, 2019 at 09:42PM","August 01, 2019 at 09:52PM",561
"August 01, 2019 at 11:18PM","August 01, 2019 at 11:29PM",636
"August 02, 2019 at 12:45PM","August 02, 2019 at 12:52PM",402
"August 02, 2019 at 02:19PM","August 02, 2019 at 02:30PM",651
"August 02, 2019 at 03:58PM","August 02, 2019 at 04:06PM",507
"August 02, 2019 at 08:53PM","August 02, 2019 at 09:01PM",492
"August 02, 2019 at 10:29PM","August 02, 2019 at 10:40PM",646
"August 03, 2019 at 12:07AM","August 03, 2019 at 12:14AM",417
"August 03, 2019 at 01:30PM","August 03, 2019 at 01:41PM",638
"August 03, 2019 at 03:07PM","August 03, 2019 at 03:17PM",573
"August 03, 2019 at 04:49PM","August 03, 2019 at 04:52PM",205
"August 03, 2019 at 08:04PM","August 03, 2019 at 08:11PM",403
"August 03, 2019 at 09:40PM","August 03, 2019 at 09:50PM",633
"August 03, 2019 at 11:17PM","August 03, 2019 at 11:26PM",544
"August 04, 2019 at 12:41PM","August 04, 2019 at 12:51PM",595
"August 04, 2019 at 02:18PM","August 04, 2019 at 02:28PM",620
"August 04, 2019 at 03:58PM","August 04, 2019 at 04:03PM",343
"August 04, 2019 at 07:15PM","August 04, 2019 at 07:20PM",289
"August 04, 2019 at 08:51PM","August 04, 2019 at 09:01PM",599
"August 04, 2019 at 10:27PM","August 04, 2019 at 10:37PM",611
"August 05, 2019 at 11:53AM","August 05, 2019 at 12:01PM",509
"August 05, 2019 at 01:28PM","August 05, 2019 at 01:39PM",646
"August 05, 2019 at 03:07PM","August 05, 2019 at 03:14PM",447
"August 05, 2019 at 06:27PM","August 05, 2019 at 06:29PM",116
"August 05, 2019 at 08:01PM","August 05, 2019 at 08:11PM",545
"August 05, 2019 at 09:38PM","August 05, 2019 at 09:48PM",642
"August 05, 2019 at 11:17PM","August 05, 2019 at 11:21PM",234
"August 06, 2019 at 12:38PM","August 06, 2019 at 12:49PM",650
"August 06, 2019 at 02:17PM","August 06, 2019 at 02:25PM",527
"August 06, 2019 at 07:12PM","August 06, 2019 at 07:20PM",471
"August 06, 2019 at 08:48PM","August 06, 2019 at 08:59PM",645
"August 06, 2019 at 10:26PM","August 06, 2019 at 10:34PM",462
"August 07, 2019 at 11:49AM","August 07, 2019 at 12:00PM",629
"August 07, 2019 at 01:26PM","August 07, 2019 at 01:36PM",588
"August 07, 2019 at 03:07PM","August 07, 2019 at 03:11PM",250
"August 07, 2019 at 06:23PM","August 07, 2019 at 06:30PM",375
"August 07, 2019 at 07:59PM","August 07, 2019 at 08:09PM",626
"August 07, 2019 at 09:36PM","August 07, 2019 at 09:45PM",568
"August 08, 2019 at 11:01AM","August 08, 2019 at 11:10AM",575
"August 08, 2019 at 12:37PM","August 08, 2019 at 12:47PM",629
"August 08, 2019 at 02:16PM","August 08, 2019 at 02:22PM",376
"August 08, 2019 at 05:35PM","August 08, 2019 at 05:39PM",251
"August 08, 2019 at 07:10PM","August 08, 2019 at 07:19PM",586
"August 08, 2019 at 08:46PM","August 08, 2019 at 08:56PM",624
"August 09, 2019 at 10:12AM","August 09, 2019 at 10:20AM",473
"August 09, 2019 at 11:47AM","August 09, 2019 at 11:58AM",649
"August 09, 2019 at 01:26PM","August 09, 2019 at 01:33PM",472
"August 09, 2019 at 06:21PM","August 09, 2019 at 06:29PM",527
"August 09, 2019 at 07:57PM","August 09, 2019 at 08:07PM",646
"August 09, 2019 at 09:35PM","August 09, 2019 at 09:41PM",325
"August 10, 2019 at 10:58AM","August 10, 2019 at 11:08AM",647
"August 10, 2019 at 12:35PM","August 10, 2019 at 12:44PM",547
"August 10, 2019 at 02:17PM","August 10, 2019 at 02:19PM",117
"August 10, 2019 at 05:31PM","August 10, 2019 at 05:39PM",447
"August 10, 2019 at 07:07PM","August 10, 2019 at 07:18PM",643
"August 10, 2019 at 08:45PM","August 10, 2019 at 08:53PM",500
"August 11, 2019 at 10:08AM","August 11, 2019 at 10:19AM",617
"August 11, 2019 at 11:45AM","August 11, 2019 at 11:55AM",602
"August 11, 2019 at 01:26PM","August 11, 2019 at 01:30PM",290
"August 11, 2019 at 04:43PM","August 11, 2019 at 04:48PM",345
"August 11, 2019 at 06:18PM","August 11, 2019 at 06:28PM",618
"August 11, 2019 at 07:55PM","August 11, 2019 at 08:04PM",589
"August 12, 2019 at 09:20AM","August 12, 2019 at 09:29AM",552
"August 12, 2019 at 10:55AM","August 12, 2019 at 11:06AM",637
"August 12, 2019 at 12:35PM","August 12, 2019 at 12:41PM",406
"August 12, 2019 at 03:54PM","August 12, 2019 at 03:57PM",208
"August 12, 2019 at 05:29PM","August 12, 2019 at 05:39PM",574
"August 12, 2019 at 07:06PM","August 12, 2019 at 07:16PM",634
"August 13, 2019 at 10:07AM","August 13, 2019 at 10:17AM",650
"August 13, 2019 at 11:45AM","August 13, 2019 at 11:53AM",493
"August 13, 2019 at 04:40PM","August 13, 2019 at 04:49PM",509
"August 13, 2019 at 06:16PM","August 13, 2019 at 06:27PM",649
"August 13, 2019 at 07:55PM","August 13, 2019 at 08:01PM",387
"August 14, 2019 at 09:17AM","August 14, 2019 at 09:28AM",641
"August 14, 2019 at 10:55AM","August 14, 2019 at 11:04AM",562
"August 14, 2019 at 12:36PM","August 14, 2019 at 12:39PM",174
"August 14, 2019 at 03:51PM","August 14, 2019 at 03:58PM",425
"August 14, 2019 at 05:27PM","August 14, 2019 at 05:38PM",640
"August 14, 2019 at 07:04PM","August 14, 2019 at 07:13PM",530
"August 15, 2019 at 08:28AM","August 15, 2019 at 08:38AM",604
"August 15, 2019 at 10:05AM","August 15, 2019 at 10:15AM",612
"August 15, 2019 at 11:45AM","August 15, 2019 at 11:50AM",322
"August 15, 2019 at 03:03PM","August 15, 2019 at 03:08PM",316
"August 15, 2019 at 04:38PM","August 15, 2019 at 04:48PM",609
"August 15, 2019 at 06:14PM","August 15, 2019 at 06:25PM",605
"August 16, 2019 at 09:15AM","August 16, 2019 at 09:26AM",642
"August 16, 2019 at 10:54AM","August 16, 2019 at 11:02AM",430
"August 16, 2019 at 02:14PM","August 16, 2019 at 02:17PM",165
"August 16, 2019 at 03:49PM","August 16, 2019 at 03:58PM",559
"August 16, 2019 at 05:25PM","August 16, 2019 at 05:36PM",641
"August 16, 2019 at 07:05PM","August 16, 2019 at 07:07PM",153
"August 17, 2019 at 06:52AM","August 17, 2019 at 06:58AM",380
"August 17, 2019 at 08:26AM","August 17, 2019 at 08:37AM",650
"August 17, 2019 at 10:04AM","August 17, 2019 at 10:13AM",514
"August 17, 2019 at 03:00PM","August 17, 2019 at 03:08PM",489
"August 17, 2019 at 04:35PM","August 17, 2019 at 04:46PM",649
"August 17, 2019 at 06:13PM","August 17, 2019 at 06:21PM",438
"August 18, 2019 at 07:37AM","August 18, 2019 at 07:47AM",634
"August 18, 2019 at 09:14AM","August 18, 2019 at 09:24AM",577
"August 18, 2019 at 10:55AM","August 18, 2019 at 10:58AM",222
"August 18, 2019 at 02:11PM","August 18, 2019 at 02:17PM",398
"August 18, 2019 at 03:46PM","August 18, 2019 at 03:57PM",634
"August 18, 2019 at 05:23PM","August 18, 2019 at 05:33PM",556
"August 19, 2019 at 06:48AM","August 19, 2019 at 06:58AM",586
"August 19, 2019 at 08:24AM","August 19, 2019 at 08:34AM",622
"August 19, 2019 at 10:04AM","August 19, 2019 at 10:10AM",354
"August 19, 2019 at 01:22PM","August 19, 2019 at 01:27PM",281
"August 19, 2019 at 02:57PM","August 19, 2019 at 03:07PM",598
"August 19, 2019 at 04:34PM","August 19, 2019 at 04:44PM",619
"August 20, 2019 at 05:59AM","August 20, 2019 at 06:08AM",495
"August 20, 2019 at 07:34AM","August 20, 2019 at 07:45AM",646
"August 20, 2019 at 09:13AM","August 20, 2019 at 09:21AM",454
"August 20, 2019 at 12:34PM","August 20, 2019 at 12:35PM",99
"August 20, 2019 at 02:08PM","August 20, 2019 at 02:17PM",542
"August 20, 2019 at 03:44PM","August 20, 2019 at 03:55PM",647
"August 20, 2019 at 05:23PM","August 20, 2019 at 05:28PM",276
"August 21, 2019 at 06:45AM","August 21, 2019 at 06:56AM",647
"August 21, 2019 at 08:23AM","August 21, 2019 at 08:32AM",533
"August 21, 2019 at 01:19PM","August 21, 2019 at 01:27PM",466
"August 21, 2019 at 02:55PM","August 21, 2019 at 03:05PM",648
"August 21, 2019 at 04:32PM","August 21, 2019 at 04:40PM",479
"August 22, 2019 at 05:56AM","August 22, 2019 at 06:06AM",623
"August 22, 2019 at 07:33AM","August 22, 2019 at 07:43AM",591
"August 22, 2019 at 09:13AM","August 22, 2019 at 09:18AM",262
"August 22, 2019 at 12:30PM","August 22, 2019 at 12:36PM",369
"August 22, 2019 at 02:05PM","August 22, 2019 at 02:16PM",626
"August 22, 2019 at 03:42PM","August 22, 2019 at 03:52PM",578
"August 23, 2019 at 05:07AM","August 23, 2019 at 05:17AM",566
"August 23, 2019 at 06:43AM","August 23, 2019 at 06:54AM",630
"August 23, 2019 at 08:23AM","August 23, 2019 at 08:29AM",384
"August 23, 2019 at 11:41AM","August 23, 2019 at 11:45AM",242
"August 23, 2019 at 01:16PM","August 23, 2019 at 01:26PM",585
"August 23, 2019 at 02:53PM","August 23, 2019 at 03:03PM",630
"August 24, 2019 at 04:19AM","August 24, 2019 at 04:26AM",456
"August 24, 2019 at 05:54AM","August 24, 2019 at 06:04AM",648
"August 24, 2019 at 07:32AM","August 24, 2019 at 07:40AM",477
"August 24, 2019 at 12:27PM","August 24, 2019 at 12:36PM",523
"August 24, 2019 at 02:03PM","August 24, 2019 at 02:14PM",650
"August 24, 2019 at 03:42PM","August 24, 2019 at 03:48PM",353
"August 25, 2019 at 05:11AM","August 25, 2019 at 05:21AM",646
"August 25, 2019 at 06:48AM","August 25, 2019 at 06:57AM",535
"August 25, 2019 at 08:31AM","August 25, 2019 at 08:32AM",67
"August 25, 2019 at 11:45AM","August 25, 2019 at 11:52AM",467
"August 25, 2019 at 01:20PM","August 25, 2019 at 01:31PM",651
"August 25, 2019 at 02:58PM","August 25, 2019 at 03:06PM",489
"August 26, 2019 at 04:22AM","August 26, 2019 at 04:32AM",621
"August 26, 2019 at 05:59AM","August 26, 2019 at 06:09AM",591
"August 26, 2019 at 07:40AM","August 26, 2019 at 07:44AM",265
"August 26, 2019 at 10:56AM","August 26, 2019 at 11:02AM",371
"August 26, 2019 at 12:32PM","August 26, 2019 at 12:42PM",629
"August 26, 2019 at 02:09PM","August 26, 2019 at 02:18PM",583
"August 27, 2019 at 03:34AM","August 27, 2019 at 03:43AM",564
"August 27, 2019 at 05:10AM","August 27, 2019 at 05:20AM",628
"August 27, 2019 at 06:50AM","August 27, 2019 at 06:56AM",382
"August 27, 2019 at 10:08AM","August 27, 2019 at 10:12AM",248
"August 27, 2019 at 11:43AM","August 27, 2019 at 11:53AM",588
"August 27, 2019 at 01:20PM","August 27, 2019 at 01:30PM",633
"August 28, 2019 at 02:46AM","August 28, 2019 at 02:54AM",458
"August 28, 2019 at 04:21AM","August 28, 2019 at 04:32AM",646
"August 28, 2019 at 06:00AM","August 28, 2019 at 06:08AM",474
"August 28, 2019 at 10:55AM","August 28, 2019 at 11:04AM",528
"August 28, 2019 at 12:31PM","August 28, 2019 at 12:42PM",653
"August 28, 2019 at 02:09PM","August 28, 2019 at 02:15PM",350
"August 29, 2019 at 02:00AM","August 29, 2019 at 02:04AM",234
"August 29, 2019 at 03:32AM","August 29, 2019 at 03:43AM",642
"August 29, 2019 at 05:10AM","August 29, 2019 at 05:19AM",545
"August 29, 2019 at 06:52AM","August 29, 2019 at 06:54AM",119
"August 29, 2019 at 10:06AM","August 29, 2019 at 10:14AM",450
"August 29, 2019 at 11:42AM","August 29, 2019 at 11:53AM",648
"August 29, 2019 at 01:20PM","August 29, 2019 at 01:28PM",511
"August 30, 2019 at 02:44AM","August 30, 2019 at 02:54AM",612
"August 30, 2019 at 04:21AM","August 30, 2019 at 04:31AM",598
"August 30, 2019 at 06:01AM","August 30, 2019 at 06:06AM",287
"August 30, 2019 at 09:18AM","August 30, 2019 at 09:24AM",349
"August 30, 2019 at 10:54AM","August 30, 2019 at 11:04AM",623
"August 30, 2019 at 12:30PM","August 30, 2019 at 12:40PM",595
"August 31, 2019 at 01:56AM","August 31, 2019 at 02:05AM",548
"August 31, 2019 at 03:32AM","August 31, 2019 at 03:42AM",632
"August 31, 2019 at 05:11AM","August 31, 2019 at 05:18AM",399
"August 31, 2019 at 08:30AM","August 31, 2019 at 08:34AM",217
"August 31, 2019 at 10:05AM","August 31, 2019 at 10:15AM",578
"August 31, 2019 at 11:41AM","August 31, 2019 at 11:52AM",639
"September 01, 2019 at 02:43AM","September 01, 2019 at 02:53AM",646
"September 01, 2019 at 04:21AM","September 01, 2019 at 04:29AM",487
"September 01, 2019 at 09:17AM","September 01, 2019 at 09:25AM",514
"September 01, 2019 at 10:53AM","September 01, 2019 at 11:03AM",653
"September 01, 2019 at 12:31PM","September 01, 2019 at 12:37PM",390
"September 02, 2019 at 12:22AM","September 02, 2019 at 12:24AM",138
"September 02, 2019 at 01:54AM","September 02, 2019 at 02:05AM",638
"September 02, 2019 at 03:32AM","September 02, 2019 at 03:41AM",556
"September 02, 2019 at 05:13AM","September 02, 2019 at 05:16AM",157
"September 02, 2019 at 08:28AM","September 02, 2019 at 08:35AM",431
"September 02, 2019 at 10:04AM","September 02, 2019 at 10:15AM",644
"September 02, 2019 at 11:41AM","September 02, 2019 at 11:50AM",530
"September 03, 2019 at 01:06AM","September 03, 2019 at 01:16AM",603
"September 03, 2019 at 02:42AM","September 03, 2019 at 02:52AM",605
"September 03, 2019 at 04:23AM","September 03, 2019 at 04:28AM",308
"September 03, 2019 at 07:40AM","September 03, 2019 at 07:45AM",326
"September 03, 2019 at 09:15AM","September 03, 2019 at 09:25AM",615
"September 03, 2019 at 10:52AM","September 03, 2019 at 11:02AM",605
"September 04, 2019 at 12:18AM","September 04, 2019 at 12:27AM",530
"September 04, 2019 at 01:53AM","September 04, 2019 at 02:04AM",636
"September 04, 2019 at 03:32AM","September 04, 2019 at 03:39AM",416
"September 04, 2019 at 06:52AM","September 04, 2019 at 06:55AM",182
"September 04, 2019 at 08:27AM","September 04, 2019 at 08:36AM",567
"September 04, 2019 at 10:03AM","September 04, 2019 at 10:14AM",643
"September 04, 2019 at 11:44AM","September 04, 2019 at 11:45AM",102
"September 04, 2019 at 11:30PM","September 04, 2019 at 11:37PM",394
"September 05, 2019 at 01:04AM","September 05, 2019 at 01:15AM",645
"September 05, 2019 at 02:43AM","September 05, 2019 at 02:51AM",500
"September 05, 2019 at 07:38AM","September 05, 2019 at 07:47AM",499
"September 05, 2019 at 09:14AM","September 05, 2019 at 09:25AM",653
"September 05, 2019 at 10:52AM","September 05, 2019 at 10:59AM",424
"September 06, 2019 at 12:16AM","September 06, 2019 at 12:26AM",632
"September 06, 2019 at 01:53AM","September 06, 2019 at 02:03AM",565
"September 06, 2019 at 03:34AM","September 06, 2019 at 03:37AM",188
"September 06, 2019 at 06:50AM","September 06, 2019 at 06:57AM",412
"September 06, 2019 at 08:25AM","September 06, 2019 at 08:36AM",639
"September 06, 2019 at 10:03AM","September 06, 2019 at 10:12AM",548
"September 06, 2019 at 11:27PM","September 06, 2019 at 11:37PM",591
"September 07, 2019 at 01:04AM","September 07, 2019 at 01:14AM",611
"September 07, 2019 at 02:44AM","September 07, 2019 at 02:49AM",329
"September 07, 2019 at 06:02AM","September 07, 2019 at 06:07AM",300
"September 07, 2019 at 07:37AM","September 07, 2019 at 07:47AM",606
"September 07, 2019 at 09:13AM","September 07, 2019 at 09:24AM",614
"September 07, 2019 at 10:39PM","September 07, 2019 at 10:48PM",510
"September 08, 2019 at 12:15AM","September 08, 2019 at 12:25AM",638
"September 08, 2019 at 01:54AM","September 08, 2019 at 02:01AM",432
"September 08, 2019 at 05:14AM","September 08, 2019 at 05:16AM",137
"September 08, 2019 at 06:48AM","September 08, 2019 at 06:58AM",554
"September 08, 2019 at 08:25AM","September 08, 2019 at 08:35AM",646
"September 08, 2019 at 10:04AM","September 08, 2019 at 10:08AM",215
"September 08, 2019 at 09:52PM","September 08, 2019 at 09:58PM",354
"September 08, 2019 at 11:26PM","September 08, 2019 at 11:37PM",644
"September 09, 2019 at 01:04AM","September 09, 2019 at 01:13AM",513
"September 09, 2019 at 06:00AM","September 09, 2019 at 06:08AM",482
"September 09, 2019 at 07:36AM","September 09, 2019 at 07:47AM",651
"September 09, 2019 at 09:14AM","September 09, 2019 at 09:21AM",454
"September 09, 2019 at 10:37PM","September 09, 2019 at 10:48PM",626
"September 10, 2019 at 12:15AM","September 10, 2019 at 12:24AM",575
"September 10, 2019 at 01:55AM","September 10, 2019 at 01:59AM",218
"September 10, 2019 at 05:12AM","September 10, 2019 at 05:18AM",390
"September 10, 2019 at 06:47AM","September 10, 2019 at 06:58AM",633
"September 10, 2019 at 08:24AM","September 10, 2019 at 08:33AM",563
"September 10, 2019 at 09:49PM","September 10, 2019 at 09:59PM",579
"September 10, 2019 at 11:25PM","September 10, 2019 at 11:36PM",617
"September 11, 2019 at 01:05AM","September 11, 2019 at 01:11AM",349
"September 11, 2019 at 04:23AM","September 11, 2019 at 04:28AM",272
"September 11, 2019 at 05:58AM","September 11, 2019 at 06:08AM",596
"September 11, 2019 at 07:35AM","September 11, 2019 at 07:45AM",622
"September 11, 2019 at 09:01PM","September 11, 2019 at 09:09PM",487
"September 11, 2019 at 10:36PM","September 11, 2019 at 10:47PM",641
"September 12, 2019 at 12:15AM","September 12, 2019 at 12:23AM",448
"September 12, 2019 at 05:10AM","September 12, 2019 at 05:19AM",540
"September 12, 2019 at 06:46AM","September 12, 2019 at 06:57AM",648
"September 12, 2019 at 08:25AM","September 12, 2019 at 08:30AM",283
"September 12, 2019 at 09:48PM","September 12, 2019 at 09:58PM",642
"September 12, 2019 at 11:26PM","September 12, 2019 at 11:34PM",526
"September 13, 2019 at 04:22AM","September 13, 2019 at 04:29AM",465
"September 13, 2019 at 05:57AM","September 13, 2019 at 06:08AM",648
"September 13, 2019 at 07:35AM","September 13, 2019 at 07:43AM",480
"September 13, 2019 at 08:59PM","September 13, 2019 at 09:09PM",620
"September 13, 2019 at 10:36PM","September 13, 2019 at 10:46PM",584
"September 14, 2019 at 12:17AM","September 14, 2019 at 12:21AM",245
"September 14, 2019 at 03:33AM","September 14, 2019 at 03:39AM",368
"September 14, 2019 at 05:09AM","September 14, 2019 at 05:19AM",627
"September 14, 2019 at 06:46AM","September 14, 2019 at 06:55AM",577
"September 14, 2019 at 08:11PM","September 14, 2019 at 08:20PM",565
"September 14, 2019 at 09:47PM","September 14, 2019 at 09:57PM",623
"September 14, 2019 at 11:26PM","September 14, 2019 at 11:33PM",369
"September 15, 2019 at 02:45AM","September 15, 2019 at 02:49AM",241
"September 15, 2019 at 04:20AM","September 15, 2019 at 04:30AM",586
"September 15, 2019 at 05:57AM","September 15, 2019 at 06:07AM",628
"September 15, 2019 at 07:23PM","September 15, 2019 at 07:31PM",462
"September 15, 2019 at 08:58PM","September 15, 2019 at 09:09PM",642
"September 15, 2019 at 10:37PM","September 15, 2019 at 10:44PM",464
"September 16, 2019 at 03:32AM","September 16, 2019 at 03:40AM",526
"September 16, 2019 at 05:08AM","September 16, 2019 at 05:18AM",648
"September 16, 2019 at 06:46AM","September 16, 2019 at 06:52AM",335
"September 16, 2019 at 06:36PM","September 16, 2019 at 06:40PM",246
"September 16, 2019 at 08:09PM","September 16, 2019 at 08:20PM",640
"September 16, 2019 at 09:47PM","September 16, 2019 at 09:56PM",538
"September 16, 2019 at 11:29PM","September 16, 2019 at 11:30PM",76
"September 17, 2019 at 02:43AM","September 17, 2019 at 02:51AM",446
"September 17, 2019 at 04:19AM","September 17, 2019 at 04:30AM",644
"September 17, 2019 at 05:56AM","September 17, 2019 at 06:05AM",502
"September 17, 2019 at 07:21PM","September 17, 2019 at 07:31PM",612
"September 17, 2019 at 08:57PM","September 17, 2019 at 09:07PM",593
"September 17, 2019 at 10:38PM","September 17, 2019 at 10:42PM",272
"September 18, 2019 at 01:55AM","September 18, 2019 at 02:01AM",344
"September 18, 2019 at 03:30AM","September 18, 2019 at 03:41AM",619
"September 18, 2019 at 05:07AM","September 18, 2019 at 05:17AM",588
"September 18, 2019 at 06:32PM","September 18, 2019 at 06:42PM",550
"September 18, 2019 at 08:08PM","September 18, 2019 at 08:19PM",628
"September 18, 2019 at 09:48PM","September 18, 2019 at 09:54PM",389
"September 19, 2019 at 01:07AM","September 19, 2019 at 01:10AM",207
"September 19, 2019 at 02:42AM","September 19, 2019 at 02:51AM",574
"September 19, 2019 at 04:18AM","September 19, 2019 at 04:29AM",633
"September 19, 2019 at 05:45PM","September 19, 2019 at 05:52PM",433
"September 19, 2019 at 07:19PM","September 19, 2019 at 07:30PM",644
"September 19, 2019 at 08:58PM","September 19, 2019 at 09:06PM",480
"September 20, 2019 at 01:53AM","September 20, 2019 at 02:02AM",510
"September 20, 2019 at 03:29AM","September 20, 2019 at 03:40AM",648
"September 20, 2019 at 05:08AM","September 20, 2019 at 05:14AM",377
"September 20, 2019 at 06:31PM","September 20, 2019 at 06:41PM",637
"September 20, 2019 at 08:08PM","September 20, 2019 at 08:17PM",550
"September 20, 2019 at 09:50PM","September 20, 2019 at 09:52PM",132
"September 21, 2019 at 01:05AM","September 21, 2019 at 01:12AM",426
"September 21, 2019 at 02:40AM","September 21, 2019 at 02:51AM",640
"September 21, 2019 at 04:18AM","September 21, 2019 at 04:26AM",522
"September 21, 2019 at 05:42PM","September 21, 2019 at 05:52PM",603
"September 21, 2019 at 07:19PM","September 21, 2019 at 07:29PM",601
"September 21, 2019 at 08:59PM","September 21, 2019 at 09:04PM",297
"September 22, 2019 at 12:16AM","September 22, 2019 at 12:22AM",319
"September 22, 2019 at 01:52AM","September 22, 2019 at 02:02AM",611
"September 22, 2019 at 03:28AM","September 22, 2019 at 03:38AM",599
"September 22, 2019 at 04:54PM","September 22, 2019 at 05:03PM",533
"September 22, 2019 at 06:30PM","September 22, 2019 at 06:40PM",633
"September 22, 2019 at 08:09PM","September 22, 2019 at 08:16PM",408
"September 22, 2019 at 11:28PM","September 22, 2019 at 11:31PM",169
"September 23, 2019 at 01:03AM","September 23, 2019 at 01:13AM",562
"September 23, 2019 at 02:39AM","September 23, 2019 at 02:50AM",637
"September 23, 2019 at 04:07PM","September 23, 2019 at 04:13PM",401
"September 23, 2019 at 05:41PM","September 23, 2019 at 05:52PM",645
"September 23, 2019 at 07:19PM","September 23, 2019 at 07:27PM",495
"September 24, 2019 at 12:15AM","September 24, 2019 at 12:23AM",494
"September 24, 2019 at 01:51AM","September 24, 2019 at 02:01AM",647
"September 24, 2019 at 03:29AM","September 24, 2019 at 03:36AM",412
"September 24, 2019 at 04:52PM","September 24, 2019 at 05:03PM",634
"September 24, 2019 at 11:26PM","September 24, 2019 at 11:33PM",406
"September 25, 2019 at 01:02AM","September 25, 2019 at 01:12AM",634
"September 25, 2019 at 02:39AM","September 25, 2019 at 02:48AM",539
"September 25, 2019 at 04:04PM","September 25, 2019 at 04:14PM",594
"September 25, 2019 at 05:40PM","September 25, 2019 at 05:50PM",610
"September 25, 2019 at 07:20PM","September 25, 2019 at 07:26PM",321
"September 25, 2019 at 10:38PM","September 25, 2019 at 10:43PM",293
"September 26, 2019 at 12:13AM","September 26, 2019 at 12:23AM",601
"September 26, 2019 at 01:50AM","September 26, 2019 at 02:00AM",607
"September 26, 2019 at 04:51PM","September 26, 2019 at 05:02PM",638
"September 26, 2019 at 06:30PM","September 26, 2019 at 06:37PM",428
"September 26, 2019 at 09:50PM","September 26, 2019 at 09:52PM",123
"September 26, 2019 at 11:25PM","September 26, 2019 at 11:34PM",549
"September 27, 2019 at 01:01AM","September 27, 2019 at 01:12AM",640
"September 27, 2019 at 02:41AM","September 27, 2019 at 02:44AM",188
"September 27, 2019 at 02:28PM","September 27, 2019 at 02:34PM",364
"September 27, 2019 at 04:02PM","September 27, 2019 at 04:13PM",646
"September 27, 2019 at 05:40PM","September 27, 2019 at 05:49PM",511
"September 27, 2019 at 10:36PM","September 27, 2019 at 10:44PM",478
"September 28, 2019 at 12:12AM","September 28, 2019 at 12:23AM",645
"September 28, 2019 at 01:50AM","September 28, 2019 at 01:57AM",443
"September 28, 2019 at 03:14PM","September 28, 2019 at 03:24PM",629
"September 28, 2019 at 06:37PM","September 28, 2019 at 06:40PM",182
"September 28, 2019 at 09:53PM","September 28, 2019 at 09:59PM",406
"September 28, 2019 at 11:28PM","September 28, 2019 at 11:39PM",634
"September 29, 2019 at 01:05AM","September 29, 2019 at 01:14AM",540
"September 29, 2019 at 02:30PM","September 29, 2019 at 02:40PM",596
"September 29, 2019 at 04:07PM","September 29, 2019 at 04:17PM",612
"September 29, 2019 at 05:47PM","September 29, 2019 at 05:52PM",325
"September 29, 2019 at 09:05PM","September 29, 2019 at 09:10PM",295
"September 29, 2019 at 10:40PM","September 29, 2019 at 10:50PM",602
"September 30, 2019 at 12:17AM","September 30, 2019 at 12:27AM",607
"September 30, 2019 at 03:18PM","September 30, 2019 at 03:29PM",640
"September 30, 2019 at 04:57PM","September 30, 2019 at 05:04PM",429
"September 30, 2019 at 08:17PM","September 30, 2019 at 08:19PM",131
"September 30, 2019 at 09:52PM","September 30, 2019 at 10:01PM",551
"September 30, 2019 at 11:28PM","September 30, 2019 at 11:39PM",640
"October 01, 2019 at 01:08AM","October 01, 2019 at 01:11AM",180
"October 01, 2019 at 12:56PM","October 01, 2019 at 01:02PM",372
"October 01, 2019 at 02:29PM","October 01, 2019 at 02:40PM",648
"October 01, 2019 at 04:08PM","October 01, 2019 at 04:16PM",511
"October 01, 2019 at 09:04PM","October 01, 2019 at 09:12PM",481
"October 01, 2019 at 10:39PM","October 01, 2019 at 10:50PM",646
"October 02, 2019 at 12:17AM","October 02, 2019 at 12:25AM",438
"October 02, 2019 at 01:41PM","October 02, 2019 at 01:52PM",633
"October 02, 2019 at 03:19PM","October 02, 2019 at 03:28PM",574
"October 02, 2019 at 05:00PM","October 02, 2019 at 05:03PM",209
"October 02, 2019 at 08:16PM","October 02, 2019 at 08:22PM",391
"October 02, 2019 at 09:51PM","October 02, 2019 at 10:02PM",630
"October 02, 2019 at 11:28PM","October 02, 2019 at 11:37PM",552
"October 03, 2019 at 12:53PM","October 03, 2019 at 01:03PM",589
"October 03, 2019 at 02:30PM","October 03, 2019 at 02:40PM",618
"October 03, 2019 at 04:09PM","October 03, 2019 at 04:15PM",343
"October 03, 2019 at 07:28PM","October 03, 2019 at 07:32PM",275
"October 03, 2019 at 09:03PM","October 03, 2019 at 09:13PM",595
"October 03, 2019 at 10:39PM","October 03, 2019 at 10:49PM",613
"October 04, 2019 at 12:05PM","October 04, 2019 at 12:14PM",503
"October 04, 2019 at 01:41PM","October 04, 2019 at 01:51PM",643
"October 04, 2019 at 03:20PM","October 04, 2019 at 03:27PM",444
"October 04, 2019 at 06:40PM","October 04, 2019 at 06:42PM",88
"October 04, 2019 at 08:14PM","October 04, 2019 at 08:23PM",541
"October 04, 2019 at 09:51PM","October 04, 2019 at 10:01PM",641
"October 04, 2019 at 11:30PM","October 04, 2019 at 11:34PM",243
"October 05, 2019 at 12:52PM","October 05, 2019 at 01:03PM",648
"October 05, 2019 at 02:30PM","October 05, 2019 at 02:39PM",523
"October 05, 2019 at 07:26PM","October 05, 2019 at 07:34PM",468
"October 05, 2019 at 09:02PM","October 05, 2019 at 09:13PM",644
"October 05, 2019 at 10:40PM","October 05, 2019 at 10:48PM",460
"October 06, 2019 at 12:04PM","October 06, 2019 at 12:14PM",629
"October 06, 2019 at 01:41PM","October 06, 2019 at 01:51PM",583
"October 06, 2019 at 03:22PM","October 06, 2019 at 03:26PM",235
"October 06, 2019 at 06:38PM","October 06, 2019 at 06:44PM",375
"October 06, 2019 at 08:14PM","October 06, 2019 at 08:24PM",626
"October 06, 2019 at 09:51PM","October 06, 2019 at 10:00PM",563
"October 07, 2019 at 11:16AM","October 07, 2019 at 11:26AM",579
"October 07, 2019 at 12:52PM","October 07, 2019 at 01:02PM",624
"October 07, 2019 at 02:32PM","October 07, 2019 at 02:38PM",362
"October 07, 2019 at 05:50PM","October 07, 2019 at 05:55PM",254
"October 07, 2019 at 07:25PM","October 07, 2019 at 07:35PM",587
"October 07, 2019 at 09:02PM","October 07, 2019 at 09:12PM",619
"October 08, 2019 at 10:28AM","October 08, 2019 at 10:36AM",486
"October 08, 2019 at 12:03PM","October 08, 2019 at 12:14PM",647
"October 08, 2019 at 01:42PM","October 08, 2019 at 01:50PM",459
"October 08, 2019 at 06:37PM","October 08, 2019 at 06:46PM",530
"October 08, 2019 at 08:13PM","October 08, 2019 at 08:24PM",643
"October 08, 2019 at 09:52PM","October 08, 2019 at 09:57PM",293
"October 09, 2019 at 11:15AM","October 09, 2019 at 11:25AM",648
"October 09, 2019 at 12:53PM","October 09, 2019 at 01:02PM",535
"October 09, 2019 at 05:49PM","October 09, 2019 at 05:56PM",455
"October 09, 2019 at 07:25PM","October 09, 2019 at 07:35PM",642
"October 09, 2019 at 09:02PM","October 09, 2019 at 09:10PM",480
"October 10, 2019 at 10:26AM","October 10, 2019 at 10:37AM",624
"October 10, 2019 at 12:03PM","October 10, 2019 at 12:13PM",592
"October 10, 2019 at 01:44PM","October 10, 2019 at 01:48PM",260
"October 10, 2019 at 05:01PM","October 10, 2019 at 05:07PM",358
"October 10, 2019 at 06:36PM","October 10, 2019 at 06:47PM",621
"October 10, 2019 at 08:13PM","October 10, 2019 at 08:23PM",575
"October 11, 2019 at 09:38AM","October 11, 2019 at 09:48AM",569
"October 11, 2019 at 11:14AM","October 11, 2019 at 11:25AM",630
"October 11, 2019 at 12:54PM","October 11, 2019 at 01:00PM",380
"October 11, 2019 at 04:13PM","October 11, 2019 at 04:17PM",231
"October 11, 2019 at 05:48PM","October 11, 2019 at 05:58PM",580
"October 11, 2019 at 07:24PM","October 11, 2019 at 07:35PM",624
"October 12, 2019 at 08:51AM","October 12, 2019 at 08:59AM",466
"October 12, 2019 at 10:26AM","October 12, 2019 at 10:37AM",649
"October 12, 2019 at 12:04PM","October 12, 2019 at 12:12PM",474
"October 12, 2019 at 05:00PM","October 12, 2019 at 05:08PM",520
"October 12, 2019 at 06:36PM","October 12, 2019 at 06:46PM",644
"October 12, 2019 at 08:14PM","October 12, 2019 at 08:20PM",333
"October 13, 2019 at 08:04AM","October 13, 2019 at 08:09AM",253
"October 13, 2019 at 09:37AM","October 13, 2019 at 09:48AM",647
"October 13, 2019 at 11:15AM","October 13, 2019 at 11:24AM",546
"October 13, 2019 at 12:57PM","October 13, 2019 at 12:59PM",107
"October 13, 2019 at 04:11PM","October 13, 2019 at 04:19PM",441
"October 13, 2019 at 05:47PM","October 13, 2019 at 05:58PM",640
"October 13, 2019 at 07:25PM","October 13, 2019 at 07:33PM",499
"October 14, 2019 at 08:49AM","October 14, 2019 at 08:59AM",618
"October 14, 2019 at 10:26AM","October 14, 2019 at 10:36AM",600
"October 14, 2019 at 12:06PM","October 14, 2019 at 12:11PM",284
"October 14, 2019 at 03:23PM","October 14, 2019 at 03:29PM",341
"October 14, 2019 at 04:59PM","October 14, 2019 at 05:09PM",615
"October 14, 2019 at 06:36PM","October 14, 2019 at 06:45PM",585
"October 15, 2019 at 08:01AM","October 15, 2019 at 08:10AM",557
"October 15, 2019 at 09:37AM","October 15, 2019 at 09:47AM",636
"October 15, 2019 at 11:16AM","October 15, 2019 at 11:23AM",398
"October 15, 2019 at 02:35PM","October 15, 2019 at 02:39PM",208
"October 15, 2019 at 04:10PM","October 15, 2019 at 04:20PM",572
"October 15, 2019 at 05:47PM","October 15, 2019 at 05:57PM",630
"October 16, 2019 at 07:14AM","October 16, 2019 at 07:21AM",444
"October 16, 2019 at 08:48AM","October 16, 2019 at 08:59AM",651
"October 16, 2019 at 10:27AM","October 16, 2019 at 10:35AM",488
"October 16, 2019 at 03:22PM","October 16, 2019 at 03:31PM",509
"October 16, 2019 at 04:58PM","October 16, 2019 at 05:09PM",645
"October 16, 2019 at 06:37PM","October 16, 2019 at 06:43PM",369
"October 17, 2019 at 08:00AM","October 17, 2019 at 08:10AM",645
"October 17, 2019 at 09:37AM","October 17, 2019 at 09:47AM",557
"October 17, 2019 at 11:19AM","October 17, 2019 at 11:21AM",151
"October 17, 2019 at 02:34PM","October 17, 2019 at 02:41PM",428
"October 17, 2019 at 04:10PM","October 17, 2019 at 04:20PM",638
"October 17, 2019 at 05:47PM","October 17, 2019 at 05:56PM",516
"October 18, 2019 at 07:11AM","October 18, 2019 at 07:22AM",612
"October 18, 2019 at 08:48AM","October 18, 2019 at 08:58AM",608
"October 18, 2019 at 10:28AM","October 18, 2019 at 10:34AM",306
"October 18, 2019 at 01:46PM","October 18, 2019 at 01:51PM",324
"October 18, 2019 at 03:21PM","October 18, 2019 at 03:31PM",610
"October 18, 2019 at 04:58PM","October 18, 2019 at 05:08PM",594
"October 19, 2019 at 06:24AM","October 19, 2019 at 06:33AM",544
"October 19, 2019 at 07:59AM","October 19, 2019 at 08:10AM",640
"October 19, 2019 at 09:39AM","October 19, 2019 at 09:46AM",416
"October 19, 2019 at 12:58PM","October 19, 2019 at 01:01PM",183
"October 19, 2019 at 02:33PM","October 19, 2019 at 02:42PM",563
"October 19, 2019 at 04:09PM","October 19, 2019 at 04:20PM",634
"October 20, 2019 at 07:11AM","October 20, 2019 at 07:21AM",653
"October 20, 2019 at 08:49AM","October 20, 2019 at 08:57AM",501
"October 20, 2019 at 01:45PM","October 20, 2019 at 01:53PM",498
"October 20, 2019 at 03:21PM","October 20, 2019 at 03:31PM",646
"October 20, 2019 at 04:59PM","October 20, 2019 at 05:05PM",401
"October 21, 2019 at 06:22AM","October 21, 2019 at 06:33AM",642
"October 21, 2019 at 08:00AM","October 21, 2019 at 08:09AM",568
"October 21, 2019 at 09:41AM","October 21, 2019 at 09:44AM",186
"October 21, 2019 at 12:56PM","October 21, 2019 at 01:03PM",414
"October 21, 2019 at 02:32PM","October 21, 2019 at 02:43PM",635
"October 21, 2019 at 04:09PM","October 21, 2019 at 04:18PM",533
"October 22, 2019 at 05:34AM","October 22, 2019 at 05:44AM",605
"October 22, 2019 at 07:10AM","October 22, 2019 at 07:21AM",616
"October 22, 2019 at 08:51AM","October 22, 2019 at 08:56AM",328
"October 22, 2019 at 12:08PM","October 22, 2019 at 12:13PM",306
"October 22, 2019 at 01:44PM","October 22, 2019 at 01:54PM",605
"October 22, 2019 at 03:20PM","October 22, 2019 at 03:30PM",603
"October 23, 2019 at 04:46AM","October 23, 2019 at 04:55AM",529
"October 23, 2019 at 06:22AM","October 23, 2019 at 06:32AM",645
"October 23, 2019 at 08:01AM","October 23, 2019 at 08:08AM",432
"October 23, 2019 at 11:21AM","October 23, 2019 at 11:23AM",155
"October 23, 2019 at 12:55PM","October 23, 2019 at 01:05PM",555
"October 23, 2019 at 02:31PM","October 23, 2019 at 02:42PM",638
"October 23, 2019 at 04:12PM","October 23, 2019 at 04:14PM",144
"October 24, 2019 at 05:33AM","October 24, 2019 at 05:44AM",653
"October 24, 2019 at 07:11AM","October 24, 2019 at 07:20AM",515
"October 24, 2019 at 12:07PM","October 24, 2019 at 12:15PM",487
"October 24, 2019 at 01:43PM","October 24, 2019 at 01:54PM",646
"October 24, 2019 at 03:21PM","October 24, 2019 at 03:28PM",429
"October 25, 2019 at 04:44AM","October 25, 2019 at 04:55AM",639
"October 25, 2019 at 06:22AM","October 25, 2019 at 06:31AM",578
"October 25, 2019 at 08:03AM","October 25, 2019 at 08:06AM",216
"October 25, 2019 at 11:19AM","October 25, 2019 at 11:25AM",399
"October 25, 2019 at 12:54PM","October 25, 2019 at 01:05PM",632
"October 25, 2019 at 02:32PM","October 25, 2019 at 02:41PM",548
"October 26, 2019 at 03:56AM","October 26, 2019 at 04:06AM",596
"October 26, 2019 at 05:33AM","October 26, 2019 at 05:43AM",622
"October 26, 2019 at 07:13AM","October 26, 2019 at 07:18AM",348
"October 26, 2019 at 10:31AM","October 26, 2019 at 10:36AM",288
"October 26, 2019 at 12:06PM","October 26, 2019 at 12:16PM",599
"October 26, 2019 at 01:43PM","October 26, 2019 at 01:53PM",612
"October 27, 2019 at 03:09AM","October 27, 2019 at 03:17AM",513
"October 27, 2019 at 04:44AM","October 27, 2019 at 04:55AM",648
"October 27, 2019 at 06:23AM","October 27, 2019 at 06:30AM",448
"October 27, 2019 at 09:43AM","October 27, 2019 at 09:45AM",122
"October 27, 2019 at 11:18AM","October 27, 2019 at 11:27AM",546
"October 27, 2019 at 12:54PM","October 27, 2019 at 01:04PM",642
"October 27, 2019 at 02:33PM","October 27, 2019 at 02:37PM",228
"October 28, 2019 at 03:55AM","October 28, 2019 at 04:06AM",653
"October 28, 2019 at 05:33AM","October 28, 2019 at 05:42AM",527
"October 28, 2019 at 10:29AM","October 28, 2019 at 10:37AM",475
"October 28, 2019 at 12:05PM","October 28, 2019 at 12:16PM",646
"October 28, 2019 at 01:43PM","October 28, 2019 at 01:51PM",455
"October 29, 2019 at 03:07AM","October 29, 2019 at 03:17AM",634
"October 29, 2019 at 04:44AM","October 29, 2019 at 04:54AM",587
"October 29, 2019 at 06:25AM","October 29, 2019 at 06:29AM",244
"October 29, 2019 at 09:41AM","October 29, 2019 at 09:48AM",384
"October 29, 2019 at 11:17AM","October 29, 2019 at 11:27AM",629
"October 29, 2019 at 12:54PM","October 29, 2019 at 01:03PM",562
"October 30, 2019 at 02:19AM","October 30, 2019 at 02:29AM",585
"October 30, 2019 at 03:55AM","October 30, 2019 at 04:06AM",628
"October 30, 2019 at 05:35AM","October 30, 2019 at 05:41AM",366
"October 30, 2019 at 08:53AM","October 30, 2019 at 08:58AM",269
"October 30, 2019 at 10:29AM","October 30, 2019 at 10:38AM",593
"October 30, 2019 at 12:05PM","October 30, 2019 at 12:15PM",620
"October 31, 2019 at 03:06AM","October 31, 2019 at 03:17AM",650
"October 31, 2019 at 04:45AM","October 31, 2019 at 04:53AM",462
"October 31, 2019 at 08:06AM","October 31, 2019 at 08:07AM",81
"October 31, 2019 at 09:40AM","October 31, 2019 at 09:49AM",537
"October 31, 2019 at 11:16AM","October 31, 2019 at 11:27AM",645
"October 31, 2019 at 12:55PM","October 31, 2019 at 01:00PM",284
"November 01, 2019 at 12:44AM","November 01, 2019 at 12:50AM",315
"November 01, 2019 at 02:18AM","November 01, 2019 at 02:29AM",651
"November 01, 2019 at 03:56AM","November 01, 2019 at 04:05AM",538
"November 01, 2019 at 05:38AM","November 01, 2019 at 05:39AM",70
"November 01, 2019 at 08:52AM","November 01, 2019 at 09:00AM",463
"November 01, 2019 at 10:28AM","November 01, 2019 at 10:39AM",646
"November 01, 2019 at 12:05PM","November 01, 2019 at 12:13PM",478
"November 02, 2019 at 01:29AM","November 02, 2019 at 01:40AM",628
"November 02, 2019 at 03:06AM","November 02, 2019 at 03:16AM",595
"November 02, 2019 at 04:47AM","November 02, 2019 at 04:52AM",267
"November 02, 2019 at 08:04AM","November 02, 2019 at 08:10AM",370
"November 02, 2019 at 09:39AM","November 02, 2019 at 09:50AM",625
"November 02, 2019 at 11:16AM","November 02, 2019 at 11:26AM",575
"November 03, 2019 at 12:41AM","November 03, 2019 at 12:51AM",574
"November 03, 2019 at 02:17AM","November 03, 2019 at 02:28AM",633
"November 03, 2019 at 03:57AM","November 03, 2019 at 04:04AM",385
"November 03, 2019 at 07:16AM","November 03, 2019 at 07:20AM",248
"November 03, 2019 at 08:51AM","November 03, 2019 at 09:01AM",586
"November 03, 2019 at 10:27AM","November 03, 2019 at 10:38AM",627
"November 03, 2019 at 11:54PM","November 04, 2019 at 12:02AM",472
"November 04, 2019 at 01:29AM","November 04, 2019 at 01:40AM",652
"November 04, 2019 at 03:07AM","November 04, 2019 at 03:15AM",477
"November 04, 2019 at 08:03AM","November 04, 2019 at 08:11AM",528
"November 04, 2019 at 09:39AM","November 04, 2019 at 09:49AM",648
"November 04, 2019 at 11:17AM","November 04, 2019 at 11:23AM",331
"November 05, 2019 at 12:40AM","November 05, 2019 at 12:51AM",649
"November 05, 2019 at 02:18AM","November 05, 2019 at 02:27AM",549
"November 05, 2019 at 04:00AM","November 05, 2019 at 04:02AM",124
"November 05, 2019 at 07:14AM","November 05, 2019 at 07:22AM",451
"November 05, 2019 at 08:50AM","November 05, 2019 at 09:01AM",645
"November 05, 2019 at 10:28AM","November 05, 2019 at 10:36AM",499
"November 05, 2019 at 11:52PM","November 06, 2019 at 12:02AM",622
"November 06, 2019 at 01:29AM","November 06, 2019 at 01:39AM",603
"November 06, 2019 at 03:09AM","November 06, 2019 at 03:14AM",289
"November 06, 2019 at 06:26AM","November 06, 2019 at 06:32AM",353
"November 06, 2019 at 08:02AM","November 06, 2019 at 08:12AM",621
"November 06, 2019 at 09:38AM","November 06, 2019 at 09:48AM",587
"November 06, 2019 at 11:04PM","November 06, 2019 at 11:13PM",561
"November 07, 2019 at 12:40AM","November 07, 2019 at 12:50AM",638
"November 07, 2019 at 02:19AM","November 07, 2019 at 02:26AM",402
"November 07, 2019 at 05:38AM","November 07, 2019 at 05:42AM",226
"November 07, 2019 at 07:13AM","November 07, 2019 at 07:23AM",578
"November 07, 2019 at 08:50AM","November 07, 2019 at 09:00AM",633
"November 07, 2019 at 10:16PM","November 07, 2019 at 10:24PM",447
"November 07, 2019 at 11:51PM","November 08, 2019 at 12:02AM",653
"November 08, 2019 at 01:29AM","November 08, 2019 at 01:38AM",490
"November 08, 2019 at 06:25AM","November 08, 2019 at 06:33AM",517
"November 08, 2019 at 08:01AM","November 08, 2019 at 08:12AM",650
"November 08, 2019 at 09:39AM","November 08, 2019 at 09:46AM",372
"November 08, 2019 at 11:02PM","November 08, 2019 at 11:13PM",646
"November 09, 2019 at 12:40AM","November 09, 2019 at 12:49AM",559
"November 09, 2019 at 02:21AM","November 09, 2019 at 02:24AM",161
"November 09, 2019 at 05:37AM","November 09, 2019 at 05:44AM",437
"November 09, 2019 at 07:12AM","November 09, 2019 at 07:23AM",643
"November 09, 2019 at 08:50AM","November 09, 2019 at 08:58AM",520
"November 09, 2019 at 10:15PM","November 09, 2019 at 10:25PM",614
"November 09, 2019 at 11:51PM","November 10, 2019 at 12:01AM",609
"November 10, 2019 at 01:32AM","November 10, 2019 at 01:37AM",310
"November 10, 2019 at 04:49AM","November 10, 2019 at 04:55AM",341
"November 10, 2019 at 06:24AM","November 10, 2019 at 06:35AM",619
"November 10, 2019 at 08:01AM","November 10, 2019 at 08:11AM",599
"November 10, 2019 at 09:27PM","November 10, 2019 at 09:36PM",548
"November 10, 2019 at 11:03PM","November 10, 2019 at 11:13PM",641
"November 11, 2019 at 12:42AM","November 11, 2019 at 12:49AM",416
"November 11, 2019 at 04:01AM","November 11, 2019 at 04:05AM",210
"November 11, 2019 at 05:36AM","November 11, 2019 at 05:46AM",574
"November 11, 2019 at 07:13AM","November 11, 2019 at 07:23AM",640
"November 11, 2019 at 10:14PM","November 11, 2019 at 10:25PM",653
"November 11, 2019 at 11:53PM","November 12, 2019 at 12:01AM",500
"November 12, 2019 at 04:48AM","November 12, 2019 at 04:57AM",511
"November 12, 2019 at 06:24AM","November 12, 2019 at 06:35AM",653
"November 12, 2019 at 08:03AM","November 12, 2019 at 08:09AM",400
"November 12, 2019 at 09:26PM","November 12, 2019 at 09:37PM",643
"November 12, 2019 at 11:04PM","November 12, 2019 at 11:13PM",566
"November 13, 2019 at 12:45AM","November 13, 2019 at 12:48AM",186
"November 13, 2019 at 04:00AM","November 13, 2019 at 04:07AM",430
"November 13, 2019 at 05:36AM","November 13, 2019 at 05:47AM",644
"November 13, 2019 at 07:13AM","November 13, 2019 at 07:22AM",534
"November 13, 2019 at 08:38PM","November 13, 2019 at 08:48PM",607
"November 13, 2019 at 10:15PM","November 13, 2019 at 10:25PM",613
"November 13, 2019 at 11:55PM","November 14, 2019 at 12:00AM",324
"November 14, 2019 at 03:12AM","November 14, 2019 at 03:18AM",327
"November 14, 2019 at 04:48AM","November 14, 2019 at 04:58AM",615
"November 14, 2019 at 06:25AM","November 14, 2019 at 06:35AM",607
"November 14, 2019 at 09:26PM","November 14, 2019 at 09:37PM",643
"November 14, 2019 at 11:05PM","November 14, 2019 at 11:12PM",428
"November 15, 2019 at 02:25AM","November 15, 2019 at 02:28AM",188
"November 15, 2019 at 03:59AM","November 15, 2019 at 04:09AM",567
"November 15, 2019 at 05:36AM","November 15, 2019 at 05:47AM",644
"November 15, 2019 at 07:16AM","November 15, 2019 at 07:18AM",117
"November 15, 2019 at 08:37PM","November 15, 2019 at 08:48PM",652
"November 15, 2019 at 10:16PM","November 15, 2019 at 10:24PM",509
"November 16, 2019 at 03:11AM","November 16, 2019 at 03:20AM",502
"November 16, 2019 at 04:47AM","November 16, 2019 at 04:58AM",653
"November 16, 2019 at 06:26AM","November 16, 2019 at 06:33AM",425
"November 16, 2019 at 07:49PM","November 16, 2019 at 08:00PM",639
"November 16, 2019 at 09:27PM","November 16, 2019 at 09:36PM",572
"November 16, 2019 at 11:08PM","November 16, 2019 at 11:11PM",207
"November 17, 2019 at 02:23AM","November 17, 2019 at 02:30AM",418
"November 17, 2019 at 03:59AM","November 17, 2019 at 04:10AM",641
"November 17, 2019 at 05:36AM","November 17, 2019 at 05:45AM",547
"November 17, 2019 at 07:01PM","November 17, 2019 at 07:11PM",599
"November 17, 2019 at 08:38PM","November 17, 2019 at 08:48PM",618
"November 17, 2019 at 10:18PM","November 17, 2019 at 10:23PM",338
"November 18, 2019 at 01:36AM","November 18, 2019 at 01:41AM",312
"November 18, 2019 at 03:11AM","November 18, 2019 at 03:21AM",610
"November 18, 2019 at 04:48AM","November 18, 2019 at 04:58AM",614
"November 18, 2019 at 06:14PM","November 18, 2019 at 06:22PM",521
"November 18, 2019 at 07:49PM","November 18, 2019 at 08:00PM",644
"November 18, 2019 at 09:28PM","November 18, 2019 at 09:36PM",438
"November 19, 2019 at 12:48AM","November 19, 2019 at 12:51AM",166
"November 19, 2019 at 02:23AM","November 19, 2019 at 02:32AM",560
"November 19, 2019 at 03:59AM","November 19, 2019 at 04:10AM",647
"November 19, 2019 at 05:39AM","November 19, 2019 at 05:42AM",195
"November 19, 2019 at 07:01PM","November 19, 2019 at 07:12PM",651
"November 19, 2019 at 08:39PM","November 19, 2019 at 08:48PM",517
"November 20, 2019 at 01:35AM","November 20, 2019 at 01:43AM",493
"November 20, 2019 at 03:11AM","November 20, 2019 at 03:22AM",654
"November 20, 2019 at 04:49AM","November 20, 2019 at 04:56AM",445
"November 20, 2019 at 06:13PM","November 20, 2019 at 06:23PM",635
"November 20, 2019 at 07:50PM","November 20, 2019 at 08:00PM",578
"November 20, 2019 at 09:31PM","November 20, 2019 at 09:35PM",224
"November 21, 2019 at 12:47AM","November 21, 2019 at 12:54AM",406
"November 21, 2019 at 02:23AM","November 21, 2019 at 02:33AM",639
"November 21, 2019 at 04:00AM","November 21, 2019 at 04:09AM",559
"November 21, 2019 at 05:25PM","November 21, 2019 at 05:35PM",591
"November 21, 2019 at 07:01PM","November 21, 2019 at 07:12PM",621
"November 21, 2019 at 08:41PM","November 21, 2019 at 08:47PM",350
"November 21, 2019 at 11:59PM","November 22, 2019 at 12:04AM",297
"November 22, 2019 at 01:34AM","November 22, 2019 at 01:45AM",605
"November 22, 2019 at 03:11AM","November 22, 2019 at 03:21AM",620
"November 22, 2019 at 04:37PM","November 22, 2019 at 04:46PM",507
"November 22, 2019 at 06:13PM","November 22, 2019 at 06:23PM",645
"November 22, 2019 at 07:52PM","November 22, 2019 at 07:59PM",448
"November 22, 2019 at 11:12PM","November 22, 2019 at 11:14PM",141
"November 23, 2019 at 12:46AM","November 23, 2019 at 12:56AM",553
"November 23, 2019 at 02:23AM","November 23, 2019 at 02:33AM",649
"November 23, 2019 at 04:02AM","November 23, 2019 at 04:06AM",246
"November 23, 2019 at 05:24PM","November 23, 2019 at 05:35PM",650
"November 23, 2019 at 07:02PM","November 23, 2019 at 07:11PM",524
"November 23, 2019 at 11:58PM","November 24, 2019 at 12:07AM",483
"November 24, 2019 at 01:34AM","November 24, 2019 at 01:45AM",653
"November 24, 2019 at 03:12AM","November 24, 2019 at 03:20AM",463
"November 24, 2019 at 04:36PM","November 24, 2019 at 04:47PM",631
"November 24, 2019 at 06:13PM","November 24, 2019 at 06:23PM",583
"November 24, 2019 at 07:54PM","November 24, 2019 at 07:58PM",239
"November 24, 2019 at 11:11PM","November 24, 2019 at 11:17PM",394
"November 25, 2019 at 12:46AM","November 25, 2019 at 12:57AM",636
"November 25, 2019 at 02:23AM","November 25, 2019 at 02:33AM",568
"November 25, 2019 at 03:49PM","November 25, 2019 at 03:58PM",583
"November 25, 2019 at 05:25PM","November 25, 2019 at 05:35PM",624
"November 25, 2019 at 07:05PM","November 25, 2019 at 07:11PM",362
"November 25, 2019 at 10:23PM","November 25, 2019 at 10:28PM",282
"November 25, 2019 at 11:58PM","November 26, 2019 at 12:08AM",600
"November 26, 2019 at 01:35AM","November 26, 2019 at 01:45AM",625
"November 26, 2019 at 04:36PM","November 26, 2019 at 04:47PM",646
"November 26, 2019 at 06:15PM","November 26, 2019 at 06:23PM",456
"November 26, 2019 at 09:36PM","November 26, 2019 at 09:37PM",112
"November 26, 2019 at 11:10PM","November 26, 2019 at 11:19PM",546
"November 27, 2019 at 12:46AM","November 27, 2019 at 12:57AM",651
"November 27, 2019 at 02:25AM","November 27, 2019 at 02:30AM",285
"November 27, 2019 at 02:15PM","November 27, 2019 at 02:20PM",320
"November 27, 2019 at 03:48PM","November 27, 2019 at 03:59PM",648
"November 27, 2019 at 05:26PM","November 27, 2019 at 05:35PM",531
"November 27, 2019 at 10:22PM","November 27, 2019 at 10:30PM",474
"November 27, 2019 at 11:58PM","November 28, 2019 at 12:09AM",652
"November 28, 2019 at 01:36AM","November 28, 2019 at 01:44AM",479
"November 28, 2019 at 03:00PM","November 28, 2019 at 03:10PM",626
"November 28, 2019 at 04:37PM","November 28, 2019 at 04:47PM",588
"November 28, 2019 at 06:18PM","November 28, 2019 at 06:22PM",253
"November 28, 2019 at 09:34PM","November 28, 2019 at 09:41PM",383
"November 28, 2019 at 11:10PM","November 28, 2019 at 11:20PM",633
"November 29, 2019 at 12:47AM","November 29, 2019 at 12:57AM",577
"November 29, 2019 at 02:12PM","November 29, 2019 at 02:22PM",574
"November 29, 2019 at 03:48PM","November 29, 2019 at 03:59PM",626
"November 29, 2019 at 05:28PM","November 29, 2019 at 05:34PM",372
"November 29, 2019 at 08:47PM","November 29, 2019 at 08:51PM",266
"November 29, 2019 at 10:22PM","November 29, 2019 at 10:32PM",595
"November 29, 2019 at 11:57PM","November 30, 2019 at 12:07AM",632
"November 30, 2019 at 01:23PM","November 30, 2019 at 01:31PM",468
"November 30, 2019 at 02:58PM","November 30, 2019 at 03:09PM",646
"November 30, 2019 at 04:37PM","November 30, 2019 at 04:45PM",469
"November 30, 2019 at 09:32PM","November 30, 2019 at 09:41PM",533
"November 30, 2019 at 11:08PM","November 30, 2019 at 11:19PM",652
"December 01, 2019 at 12:47AM","December 01, 2019 at 12:53AM",335
"December 01, 2019 at 12:37PM","December 01, 2019 at 12:41PM",262
"December 01, 2019 at 02:10PM","December 01, 2019 at 02:21PM",644
"December 01, 2019 at 03:48PM","December 01, 2019 at 03:57PM",541
"December 01, 2019 at 05:30PM","December 01, 2019 at 05:31PM",100
"December 01, 2019 at 08:44PM","December 01, 2019 at 08:52PM",456
"December 01, 2019 at 10:20PM","December 01, 2019 at 10:31PM",649
"December 01, 2019 at 11:57PM","December 02, 2019 at 12:06AM",502
"December 02, 2019 at 01:22PM","December 02, 2019 at 01:32PM",617
"December 02, 2019 at 02:59PM","December 02, 2019 at 03:09PM",595
"December 02, 2019 at 04:39PM","December 02, 2019 at 04:44PM",276
"December 02, 2019 at 07:56PM","December 02, 2019 at 08:02PM",359
"December 02, 2019 at 09:31PM","December 02, 2019 at 09:42PM",626
"December 02, 2019 at 11:08PM","December 02, 2019 at 11:18PM",590
"December 03, 2019 at 12:34PM","December 03, 2019 at 12:43PM",557
"December 03, 2019 at 02:10PM","December 03, 2019 at 02:20PM",631
"December 03, 2019 at 03:49PM","December 03, 2019 at 03:56PM",390
"December 03, 2019 at 07:08PM","December 03, 2019 at 07:12PM",233
"December 03, 2019 at 08:43PM","December 03, 2019 at 08:53PM",583
"December 03, 2019 at 10:20PM","December 03, 2019 at 10:30PM",636
"December 04, 2019 at 11:47AM","December 04, 2019 at 11:54AM",447
"December 04, 2019 at 01:21PM","December 04, 2019 at 01:32PM",647
"December 04, 2019 at 03:00PM","December 04, 2019 at 03:08PM",479
"December 04, 2019 at 07:55PM","December 04, 2019 at 08:04PM",523
"December 04, 2019 at 09:31PM","December 04, 2019 at 09:42PM",653
"December 04, 2019 at 11:10PM","December 04, 2019 at 11:16PM",366
"December 05, 2019 at 12:33PM","December 05, 2019 at 12:44PM",641
"December 05, 2019 at 02:11PM","December 05, 2019 at 02:20PM",549
"December 05, 2019 at 03:52PM","December 05, 2019 at 03:54PM",131
"December 05, 2019 at 07:07PM","December 05, 2019 at 07:14PM",443
"December 05, 2019 at 08:43PM","December 05, 2019 at 08:54PM",647
"December 05, 2019 at 10:20PM","December 05, 2019 at 10:29PM",517
"December 06, 2019 at 01:22PM","December 06, 2019 at 01:32PM",600
"December 06, 2019 at 03:02PM","December 06, 2019 at 03:07PM",292
"December 06, 2019 at 06:19PM","December 06, 2019 at 06:25PM",342
"December 06, 2019 at 07:55PM","December 06, 2019 at 08:05PM",620
"December 06, 2019 at 09:31PM","December 06, 2019 at 09:41PM",598
"December 07, 2019 at 10:57AM","December 07, 2019 at 11:06AM",545
"December 07, 2019 at 12:33PM","December 07, 2019 at 12:43PM",633
"December 07, 2019 at 02:12PM","December 07, 2019 at 02:19PM",402
"December 07, 2019 at 05:31PM","December 07, 2019 at 05:35PM",209
"December 07, 2019 at 07:06PM","December 07, 2019 at 07:16PM",575
"December 07, 2019 at 08:43PM","December 07, 2019 at 08:53PM",639
"December 08, 2019 at 10:10AM","December 08, 2019 at 10:17AM",425
"December 08, 2019 at 01:23PM","December 08, 2019 at 01:31PM",489
"December 08, 2019 at 06:18PM","December 08, 2019 at 06:27PM",512
"December 08, 2019 at 07:54PM","December 08, 2019 at 08:05PM",653
"December 08, 2019 at 09:33PM","December 08, 2019 at 09:39PM",393
"December 09, 2019 at 10:56AM","December 09, 2019 at 11:07AM",638
"December 09, 2019 at 12:34PM","December 09, 2019 at 12:43PM",556
"December 09, 2019 at 02:15PM","December 09, 2019 at 02:18PM",158
"December 09, 2019 at 05:30PM","December 09, 2019 at 05:37PM",429
"December 09, 2019 at 07:06PM","December 09, 2019 at 07:17PM",643
"December 09, 2019 at 08:43PM","December 09, 2019 at 08:52PM",531
"December 10, 2019 at 10:08AM","December 10, 2019 at 10:18AM",603
"December 10, 2019 at 11:45AM","December 10, 2019 at 11:55AM",605
"December 10, 2019 at 01:25PM","December 10, 2019 at 01:30PM",308
"December 10, 2019 at 04:42PM","December 10, 2019 at 04:48PM",325
"December 10, 2019 at 06:18PM","December 10, 2019 at 06:28PM",614
"December 10, 2019 at 07:54PM","December 10, 2019 at 08:04PM",605
"December 11, 2019 at 10:56AM","December 11, 2019 at 11:06AM",636
"December 11, 2019 at 12:35PM","December 11, 2019 at 12:42PM",415
"December 11, 2019 at 03:55PM","December 11, 2019 at 03:58PM",182
"December 11, 2019 at 05:29PM","December 11, 2019 at 05:39PM",566
"December 11, 2019 at 07:06PM","December 11, 2019 at 07:16PM",642
"December 11, 2019 at 08:46PM","December 11, 2019 at 08:48PM",76
"December 12, 2019 at 08:33AM","December 12, 2019 at 08:40AM",401
"December 12, 2019 at 10:07AM","December 12, 2019 at 10:18AM",647
"December 12, 2019 at 11:46AM","December 12, 2019 at 11:54AM",499
"December 12, 2019 at 04:41PM","December 12, 2019 at 04:50PM",500
"December 12, 2019 at 06:17PM","December 12, 2019 at 06:28PM",652
"December 12, 2019 at 07:55PM","December 12, 2019 at 08:02PM",417
"December 13, 2019 at 09:19AM","December 13, 2019 at 09:30AM",635
"December 13, 2019 at 10:56AM","December 13, 2019 at 11:06AM",564
"December 13, 2019 at 12:38PM","December 13, 2019 at 12:41PM",181
"December 13, 2019 at 03:53PM","December 13, 2019 at 04:00PM",415
"December 13, 2019 at 05:29PM","December 13, 2019 at 05:40PM",640
"December 13, 2019 at 07:06PM","December 13, 2019 at 07:15PM",543
"December 14, 2019 at 08:31AM","December 14, 2019 at 08:41AM",596
"December 14, 2019 at 11:48AM","December 14, 2019 at 11:53AM",323
"December 14, 2019 at 03:05PM","December 14, 2019 at 03:10PM",306
"December 14, 2019 at 04:41PM","December 14, 2019 at 04:51PM",608
"December 14, 2019 at 06:17PM","December 14, 2019 at 06:27PM",611
"December 15, 2019 at 07:43AM","December 15, 2019 at 07:52AM",519
"December 15, 2019 at 09:19AM","December 15, 2019 at 09:29AM",638
"December 15, 2019 at 10:58AM","December 15, 2019 at 11:05AM",427
"December 15, 2019 at 02:18PM","December 15, 2019 at 02:20PM",152
"December 15, 2019 at 03:52PM","December 15, 2019 at 04:02PM",557
"December 15, 2019 at 05:28PM","December 15, 2019 at 05:39PM",644
"December 15, 2019 at 07:08PM","December 15, 2019 at 07:11PM",193
"December 16, 2019 at 06:56AM","December 16, 2019 at 07:02AM",367
"December 16, 2019 at 10:08AM","December 16, 2019 at 10:16AM",510
"December 16, 2019 at 03:04PM","December 16, 2019 at 03:12PM",486
"December 16, 2019 at 04:39PM","December 16, 2019 at 04:50PM",650
"December 16, 2019 at 06:17PM","December 16, 2019 at 06:25PM",444
"December 17, 2019 at 07:41AM","December 17, 2019 at 07:52AM",630
"December 17, 2019 at 09:19AM","December 17, 2019 at 09:28AM",572
"December 17, 2019 at 11:00AM","December 17, 2019 at 11:03AM",208
"December 17, 2019 at 02:16PM","December 17, 2019 at 02:22PM",396
"December 17, 2019 at 03:51PM","December 17, 2019 at 04:02PM",634
"December 17, 2019 at 05:28PM","December 17, 2019 at 05:38PM",557
"December 18, 2019 at 08:30AM","December 18, 2019 at 08:40AM",616
"December 18, 2019 at 10:10AM","December 18, 2019 at 10:15AM",341
"December 18, 2019 at 01:28PM","December 18, 2019 at 01:32PM",281
"December 18, 2019 at 03:03PM","December 18, 2019 at 03:13PM",599
"December 18, 2019 at 04:39PM","December 18, 2019 at 04:50PM",618
"December 19, 2019 at 06:06AM","December 19, 2019 at 06:14AM",499
"December 19, 2019 at 09:20AM","December 19, 2019 at 09:27AM",441
"December 19, 2019 at 12:40PM","December 19, 2019 at 12:42PM",103
"December 19, 2019 at 02:15PM","December 19, 2019 at 02:24PM",545
"December 19, 2019 at 03:51PM","December 19, 2019 at 04:02PM",645
"December 19, 2019 at 05:30PM","December 19, 2019 at 05:34PM",250
"December 20, 2019 at 05:19AM","December 20, 2019 at 05:24AM",335
"December 20, 2019 at 08:30AM","December 20, 2019 at 08:39AM",520
"December 20, 2019 at 01:26PM","December 20, 2019 at 01:34PM",472
"December 20, 2019 at 03:02PM","December 20, 2019 at 03:13PM",648
"December 20, 2019 at 04:40PM","December 20, 2019 at 04:48PM",464
"December 21, 2019 at 06:04AM","December 21, 2019 at 06:15AM",625
"December 21, 2019 at 07:41AM","December 21, 2019 at 07:51AM",580
"December 21, 2019 at 09:22AM","December 21, 2019 at 09:26AM",230
"December 21, 2019 at 12:38PM","December 21, 2019 at 12:45PM",380
"December 21, 2019 at 02:14PM","December 21, 2019 at 02:24PM",629
"December 21, 2019 at 03:51PM","December 21, 2019 at 04:00PM",567
"December 22, 2019 at 08:32AM","December 22, 2019 at 08:38AM",357
"December 22, 2019 at 11:51AM","December 22, 2019 at 11:55AM",259
"December 22, 2019 at 01:26PM","December 22, 2019 at 01:36PM",591
"December 22, 2019 at 03:02PM","December 22, 2019 at 03:13PM",622
"December 23, 2019 at 06:04AM","December 23, 2019 at 06:14AM",643
"December 23, 2019 at 07:43AM","December 23, 2019 at 07:50AM",454
"December 23, 2019 at 12:37PM","December 23, 2019 at 12:46PM",534
"December 23, 2019 at 02:14PM","December 23, 2019 at 02:24PM",646
"December 23, 2019 at 03:53PM","December 23, 2019 at 03:58PM",295
"December 24, 2019 at 05:15AM","December 24, 2019 at 05:26AM",644
"December 24, 2019 at 06:53AM","December 24, 2019 at 07:02AM",530
"December 24, 2019 at 11:49AM","December 24, 2019 at 11:57AM",459
"December 24, 2019 at 01:25PM","December 24, 2019 at 01:36PM",646
"December 24, 2019 at 03:03PM","December 24, 2019 at 03:11PM",482
"December 25, 2019 at 04:27AM","December 25, 2019 at 04:37AM",621
"December 25, 2019 at 06:04AM","December 25, 2019 at 06:14AM",587
"December 25, 2019 at 07:45AM","December 25, 2019 at 07:49AM",251
"December 25, 2019 at 11:01AM","December 25, 2019 at 11:07AM",363
"December 25, 2019 at 12:37PM","December 25, 2019 at 12:47PM",624
"December 25, 2019 at 02:14PM","December 25, 2019 at 02:23PM",576
"December 26, 2019 at 05:15AM","December 26, 2019 at 05:26AM",626
"December 26, 2019 at 06:55AM","December 26, 2019 at 07:01AM",373
"December 26, 2019 at 10:13AM","December 26, 2019 at 10:17AM",236
"December 26, 2019 at 11:49AM","December 26, 2019 at 11:58AM",583
"December 26, 2019 at 01:25PM","December 26, 2019 at 01:35PM",627
"December 27, 2019 at 04:26AM","December 27, 2019 at 04:37AM",645
"December 27, 2019 at 06:05AM","December 27, 2019 at 06:13AM",467
"December 27, 2019 at 11:00AM","December 27, 2019 at 11:09AM",524
"December 27, 2019 at 12:36PM","December 27, 2019 at 12:47PM",647
"December 27, 2019 at 02:15PM","December 27, 2019 at 02:21PM",331
"December 28, 2019 at 03:38AM","December 28, 2019 at 03:49AM",643
"December 28, 2019 at 05:16AM","December 28, 2019 at 05:25AM",540
"December 28, 2019 at 06:58AM","December 28, 2019 at 06:59AM",80
"December 28, 2019 at 10:12AM","December 28, 2019 at 10:20AM",445
"December 28, 2019 at 11:48AM","December 28, 2019 at 11:59AM",643
"December 28, 2019 at 01:26PM","December 28, 2019 at 01:34PM",498
"December 29, 2019 at 02:50AM","December 29, 2019 at 03:00AM",616
"December 29, 2019 at 04:27AM","December 29, 2019 at 04:37AM",594
"December 29, 2019 at 06:07AM","December 29, 2019 at 06:12AM",272
"December 29, 2019 at 09:24AM","December 29, 2019 at 09:30AM",346
"December 29, 2019 at 11:00AM","December 29, 2019 at 11:10AM",618
"December 29, 2019 at 12:36PM","December 29, 2019 at 12:46PM",585
"December 30, 2019 at 03:38AM","December 30, 2019 at 03:48AM",630
"December 30, 2019 at 05:17AM","December 30, 2019 at 05:24AM",389
"December 30, 2019 at 08:36AM","December 30, 2019 at 08:40AM",213
"December 30, 2019 at 10:11AM","December 30, 2019 at 10:21AM",575
"December 30, 2019 at 11:48AM","December 30, 2019 at 11:58AM",630
"December 31, 2019 at 01:15AM","December 31, 2019 at 01:22AM",445
"December 31, 2019 at 04:28AM","December 31, 2019 at 04:36AM",479
"December 31, 2019 at 09:23AM","December 31, 2019 at 09:32AM",513
"December 31, 2019 at 10:59AM","December 31, 2019 at 11:10AM",647
"January 01, 2020 at 03:41AM","January 01, 2020 at 03:50AM",546
"January 01, 2020 at 05:23AM","January 01, 2020 at 05:25AM",112
"January 01, 2020 at 08:38AM","January 01, 2020 at 08:45AM",445
"January 01, 2020 at 10:14AM","January 01, 2020 at 10:24AM",644
"January 01, 2020 at 11:51AM","January 01, 2020 at 11:59AM",505
"January 02, 2020 at 01:16AM","January 02, 2020 at 01:26AM",617
"January 02, 2020 at 04:33AM","January 02, 2020 at 04:38AM",282
"January 02, 2020 at 07:50AM","January 02, 2020 at 07:56AM",347
"January 02, 2020 at 09:26AM","January 02, 2020 at 09:36AM",620
"January 02, 2020 at 11:03AM","January 02, 2020 at 11:12AM",588
"January 03, 2020 at 12:28AM","January 03, 2020 at 12:38AM",558
"January 03, 2020 at 02:04AM","January 03, 2020 at 02:15AM",633
"January 03, 2020 at 03:44AM","January 03, 2020 at 03:51AM",393
"January 03, 2020 at 07:03AM","January 03, 2020 at 07:07AM",220
"January 03, 2020 at 08:38AM","January 03, 2020 at 08:48AM",577
"January 03, 2020 at 10:14AM","January 03, 2020 at 10:25AM",632
"January 04, 2020 at 01:16AM","January 04, 2020 at 01:27AM",649
"January 04, 2020 at 02:55AM","January 04, 2020 at 03:03AM",481
"January 04, 2020 at 07:50AM","January 04, 2020 at 07:59AM",517
"January 04, 2020 at 09:26AM","January 04, 2020 at 09:37AM",649
"January 04, 2020 at 11:05AM","January 04, 2020 at 11:11AM",361
"January 05, 2020 at 12:28AM","January 05, 2020 at 12:39AM",645
"January 05, 2020 at 02:06AM","January 05, 2020 at 02:15AM",550
"January 05, 2020 at 03:48AM","January 05, 2020 at 03:50AM",129
"January 05, 2020 at 07:03AM","January 05, 2020 at 07:10AM",439
"January 05, 2020 at 08:39AM","January 05, 2020 at 08:49AM",643
"January 05, 2020 at 10:16AM","January 05, 2020 at 10:25AM",511
"January 05, 2020 at 11:41PM","January 05, 2020 at 11:51PM",615
"January 06, 2020 at 01:18AM","January 06, 2020 at 01:28AM",602
"January 06, 2020 at 02:58AM","January 06, 2020 at 03:03AM",290
"January 06, 2020 at 06:15AM","January 06, 2020 at 06:21AM",341
"January 06, 2020 at 07:51AM","January 06, 2020 at 08:01AM",617
"January 06, 2020 at 09:28AM","January 06, 2020 at 09:38AM",591
"January 06, 2020 at 10:54PM","January 06, 2020 at 11:03PM",554
"January 07, 2020 at 12:29AM","January 07, 2020 at 12:40AM",635
"January 07, 2020 at 02:09AM","January 07, 2020 at 02:16AM",400
"January 07, 2020 at 05:28AM","January 07, 2020 at 05:32AM",210
"January 07, 2020 at 07:03AM","January 07, 2020 at 07:13AM",574
"January 07, 2020 at 08:40AM","January 07, 2020 at 08:50AM",634
"January 07, 2020 at 11:41PM","January 07, 2020 at 11:52PM",650
"January 08, 2020 at 01:20AM","January 08, 2020 at 01:28AM",487
"January 08, 2020 at 06:16AM","January 08, 2020 at 06:24AM",513
"January 08, 2020 at 07:52AM","January 08, 2020 at 08:02AM",649
"January 08, 2020 at 09:30AM","January 08, 2020 at 09:36AM",372
"January 08, 2020 at 09:21PM","January 08, 2020 at 09:24PM",198
"January 08, 2020 at 10:54PM","January 08, 2020 at 11:04PM",644
"January 09, 2020 at 12:31AM","January 09, 2020 at 12:41AM",555
"January 09, 2020 at 02:13AM","January 09, 2020 at 02:15AM",144
"January 09, 2020 at 05:28AM","January 09, 2020 at 05:35AM",434
"January 09, 2020 at 07:04AM","January 09, 2020 at 07:14AM",642
"January 09, 2020 at 08:41AM","January 09, 2020 at 08:50AM",516
"January 09, 2020 at 10:06PM","January 09, 2020 at 10:16PM",614
"January 09, 2020 at 11:43PM","January 09, 2020 at 11:53PM",605
"January 10, 2020 at 01:23AM","January 10, 2020 at 01:28AM",298
"January 10, 2020 at 04:41AM","January 10, 2020 at 04:46AM",334
"January 10, 2020 at 06:16AM","January 10, 2020 at 06:26AM",615
"January 10, 2020 at 07:53AM","January 10, 2020 at 08:03AM",594
"January 10, 2020 at 09:19PM","January 10, 2020 at 09:28PM",550
"January 10, 2020 at 10:55PM","January 10, 2020 at 11:05PM",638
"January 11, 2020 at 12:34AM","January 11, 2020 at 12:41AM",407
"January 11, 2020 at 03:53AM","January 11, 2020 at 03:57AM",201
"January 11, 2020 at 05:28AM","January 11, 2020 at 05:38AM",571
"January 11, 2020 at 07:05AM","January 11, 2020 at 07:15AM",635
"January 11, 2020 at 08:32PM","January 11, 2020 at 08:39PM",435
"January 11, 2020 at 10:06PM","January 11, 2020 at 10:17PM",651
"January 11, 2020 at 11:45PM","January 11, 2020 at 11:53PM",492
"January 12, 2020 at 04:41AM","January 12, 2020 at 04:49AM",509
"January 12, 2020 at 06:17AM","January 12, 2020 at 06:28AM",649
"January 12, 2020 at 07:55AM","January 12, 2020 at 08:02AM",383
"January 12, 2020 at 09:19PM","January 12, 2020 at 09:29PM",644
"January 12, 2020 at 10:56PM","January 12, 2020 at 11:06PM",559
"January 13, 2020 at 12:38AM","January 13, 2020 at 12:40AM",158
"January 13, 2020 at 03:53AM","January 13, 2020 at 04:00AM",429
"January 13, 2020 at 05:29AM","January 13, 2020 at 05:40AM",640
"January 13, 2020 at 07:06AM","January 13, 2020 at 07:15AM",522
"January 13, 2020 at 08:31PM","January 13, 2020 at 08:41PM",612
"January 13, 2020 at 10:08PM","January 13, 2020 at 10:18PM",608
"January 13, 2020 at 11:48PM","January 13, 2020 at 11:53PM",307
"January 14, 2020 at 03:06AM","January 14, 2020 at 03:11AM",328
"January 14, 2020 at 04:41AM","January 14, 2020 at 04:51AM",613
"January 14, 2020 at 06:18AM","January 14, 2020 at 06:28AM",597
"January 14, 2020 at 09:20PM","January 14, 2020 at 09:30PM",640
"January 14, 2020 at 10:59PM","January 14, 2020 at 11:06PM",413
"January 15, 2020 at 02:18AM","January 15, 2020 at 02:22AM",193
"January 15, 2020 at 03:53AM","January 15, 2020 at 04:03AM",568
"January 15, 2020 at 05:30AM","January 15, 2020 at 05:40AM",636
"January 15, 2020 at 08:32PM","January 15, 2020 at 08:42PM",652
"January 15, 2020 at 10:10PM","January 15, 2020 at 10:18PM",497
"January 16, 2020 at 03:06AM","January 16, 2020 at 03:14AM",505
"January 16, 2020 at 04:42AM","January 16, 2020 at 04:53AM",649
"January 16, 2020 at 06:20AM","January 16, 2020 at 06:26AM",399
"January 16, 2020 at 06:12PM","January 16, 2020 at 06:13PM",116
"January 16, 2020 at 09:21PM","January 16, 2020 at 09:30PM",564
"January 16, 2020 at 11:02PM","January 16, 2020 at 11:05PM",175
"January 17, 2020 at 02:18AM","January 17, 2020 at 02:25AM",421
"January 17, 2020 at 03:53AM","January 17, 2020 at 04:04AM",639
"January 17, 2020 at 05:31AM","January 17, 2020 at 05:40AM",530
"January 17, 2020 at 06:56PM","January 17, 2020 at 07:06PM",607
"January 17, 2020 at 08:32PM","January 17, 2020 at 08:42PM",612
"January 17, 2020 at 10:13PM","January 17, 2020 at 10:18PM",318
"January 18, 2020 at 01:30AM","January 18, 2020 at 01:35AM",318
"January 18, 2020 at 03:06AM","January 18, 2020 at 03:16AM",610
"January 18, 2020 at 04:42AM","January 18, 2020 at 04:52AM",602
"January 18, 2020 at 06:08PM","January 18, 2020 at 06:17PM",538
"January 18, 2020 at 07:44PM","January 18, 2020 at 07:55PM",642
"January 18, 2020 at 09:23PM","January 18, 2020 at 09:30PM",422
"January 19, 2020 at 12:43AM","January 19, 2020 at 12:46AM",177
"January 19, 2020 at 02:18AM","January 19, 2020 at 02:27AM",563
"January 19, 2020 at 03:54AM","January 19, 2020 at 04:05AM",638
"January 19, 2020 at 06:56PM","January 19, 2020 at 07:07PM",652
"January 19, 2020 at 08:34PM","January 19, 2020 at 08:43PM",505
"January 20, 2020 at 01:30AM","January 20, 2020 at 01:38AM",498
"January 20, 2020 at 03:06AM","January 20, 2020 at 03:17AM",649
"January 20, 2020 at 04:44AM","January 20, 2020 at 04:51AM",411
"January 20, 2020 at 06:08PM","January 20, 2020 at 06:19PM",642
"January 20, 2020 at 07:46PM","January 20, 2020 at 07:55PM",569
"January 20, 2020 at 09:27PM","January 20, 2020 at 09:30PM",190
"January 21, 2020 at 12:43AM","January 21, 2020 at 12:49AM",415
"January 21, 2020 at 02:18AM","January 21, 2020 at 02:29AM",637
"January 21, 2020 at 03:55AM","January 21, 2020 at 04:04AM",537
"January 21, 2020 at 05:21PM","January 21, 2020 at 05:31PM",605
"January 21, 2020 at 06:57PM","January 21, 2020 at 07:07PM",615
"January 21, 2020 at 08:37PM","January 21, 2020 at 08:43PM",327
"January 21, 2020 at 11:55PM","January 22, 2020 at 12:00AM",310
"January 22, 2020 at 01:30AM","January 22, 2020 at 01:41AM",607
"January 22, 2020 at 03:07AM","January 22, 2020 at 03:17AM",605
"January 22, 2020 at 06:09PM","January 22, 2020 at 06:20PM",644
"January 22, 2020 at 07:48PM","January 22, 2020 at 07:55PM",429
"January 22, 2020 at 11:08PM","January 22, 2020 at 11:11PM",166
"January 23, 2020 at 12:43AM","January 23, 2020 at 12:52AM",559
"January 23, 2020 at 02:19AM","January 23, 2020 at 02:30AM",640
"January 23, 2020 at 03:59AM","January 23, 2020 at 04:01AM",128
"January 23, 2020 at 03:47PM","January 23, 2020 at 03:53PM",399
"January 23, 2020 at 05:21PM","January 23, 2020 at 05:32PM",653
"January 23, 2020 at 06:59PM","January 23, 2020 at 07:08PM",510
"January 23, 2020 at 11:55PM","January 24, 2020 at 12:03AM",494
"January 24, 2020 at 01:31AM","January 24, 2020 at 01:42AM",649
"January 24, 2020 at 03:09AM","January 24, 2020 at 03:16AM",422
"January 24, 2020 at 04:33PM","January 24, 2020 at 04:44PM",641
"January 24, 2020 at 06:10PM","January 24, 2020 at 06:20PM",573
"January 24, 2020 at 07:52PM","January 24, 2020 at 07:55PM",203
"January 24, 2020 at 11:07PM","January 24, 2020 at 11:14PM",409
"January 25, 2020 at 12:43AM","January 25, 2020 at 12:54AM",636
"January 25, 2020 at 02:20AM","January 25, 2020 at 02:29AM",543
"January 25, 2020 at 03:45PM","January 25, 2020 at 03:55PM",601
"January 25, 2020 at 05:22PM","January 25, 2020 at 05:32PM",619
"January 25, 2020 at 07:02PM","January 25, 2020 at 07:08PM",336
"January 25, 2020 at 10:20PM","January 25, 2020 at 10:25PM",303
"January 25, 2020 at 11:55PM","January 26, 2020 at 12:05AM",605
"January 26, 2020 at 01:32AM","January 26, 2020 at 01:42AM",609
"January 26, 2020 at 02:58PM","January 26, 2020 at 03:07PM",526
"January 26, 2020 at 04:34PM","January 26, 2020 at 04:44PM",646
"January 26, 2020 at 06:13PM","January 26, 2020 at 06:20PM",437
"January 26, 2020 at 09:33PM","January 26, 2020 at 09:35PM",155
"January 26, 2020 at 11:07PM","January 26, 2020 at 11:17PM",556
"January 27, 2020 at 12:44AM","January 27, 2020 at 12:54AM",641
"January 27, 2020 at 02:24AM","January 27, 2020 at 02:27AM",172
"January 27, 2020 at 03:46PM","January 27, 2020 at 03:56PM",653
"January 27, 2020 at 05:24PM","January 27, 2020 at 05:32PM",516
"January 27, 2020 at 10:20PM","January 27, 2020 at 10:28PM",489
"January 27, 2020 at 11:56PM","January 28, 2020 at 12:07AM",649
"January 28, 2020 at 01:34AM","January 28, 2020 at 01:41AM",434
"January 28, 2020 at 02:58PM","January 28, 2020 at 03:08PM",639
"January 28, 2020 at 04:35PM","January 28, 2020 at 04:45PM",578
"January 28, 2020 at 06:16PM","January 28, 2020 at 06:20PM",217
"January 28, 2020 at 09:32PM","January 28, 2020 at 09:39PM",404
"January 28, 2020 at 11:08PM","January 28, 2020 at 11:18PM",635
"January 29, 2020 at 12:45AM","January 29, 2020 at 12:54AM",549
"January 29, 2020 at 02:10PM","January 29, 2020 at 02:20PM",598
"January 29, 2020 at 03:47PM","January 29, 2020 at 03:57PM",622
"January 29, 2020 at 05:27PM","January 29, 2020 at 05:32PM",345
"January 29, 2020 at 08:45PM","January 29, 2020 at 08:50PM",296
"January 29, 2020 at 10:20PM","January 29, 2020 at 10:30PM",603
"January 29, 2020 at 11:57PM","January 30, 2020 at 12:07AM",613
"January 30, 2020 at 01:23PM","January 30, 2020 at 01:32PM",519
"January 30, 2020 at 04:37PM","January 30, 2020 at 04:45PM",444
"January 30, 2020 at 07:58PM","January 30, 2020 at 08:00PM",143
"January 30, 2020 at 09:32PM","January 30, 2020 at 09:41PM",552
"January 30, 2020 at 11:08PM","January 30, 2020 at 11:19PM",643
"January 31, 2020 at 12:48AM","January 31, 2020 at 12:52AM",207
"January 31, 2020 at 12:36PM","January 31, 2020 at 12:43PM",372
"January 31, 2020 at 03:49PM","January 31, 2020 at 03:57PM",522
"January 31, 2020 at 10:24PM","January 31, 2020 at 10:35PM",652
"February 01, 2020 at 12:02AM","February 01, 2020 at 12:09AM",426
"February 01, 2020 at 03:04PM","February 01, 2020 at 03:14PM",576
"February 01, 2020 at 04:45PM","February 01, 2020 at 04:49PM",211
"February 01, 2020 at 08:01PM","February 01, 2020 at 08:08PM",416
"February 01, 2020 at 09:37PM","February 01, 2020 at 09:47PM",640
"February 01, 2020 at 11:14PM","February 01, 2020 at 11:23PM",544
"February 02, 2020 at 02:16PM","February 02, 2020 at 02:26PM",620
"February 02, 2020 at 03:56PM","February 02, 2020 at 04:02PM",339
"February 02, 2020 at 07:14PM","February 02, 2020 at 07:19PM",314
"February 02, 2020 at 08:49PM","February 02, 2020 at 09:00PM",610
"February 02, 2020 at 10:26PM","February 02, 2020 at 10:36PM",610
"February 03, 2020 at 11:53AM","February 03, 2020 at 12:01PM",532
"February 03, 2020 at 03:07PM","February 03, 2020 at 03:15PM",437
"February 03, 2020 at 06:27PM","February 03, 2020 at 06:30PM",177
"February 03, 2020 at 08:02PM","February 03, 2020 at 08:11PM",563
"February 03, 2020 at 09:38PM","February 03, 2020 at 09:49PM",644
"February 03, 2020 at 11:19PM","February 03, 2020 at 11:21PM",150
"February 04, 2020 at 11:06AM","February 04, 2020 at 11:13AM",401
"February 04, 2020 at 02:19PM","February 04, 2020 at 02:27PM",515
"February 04, 2020 at 07:15PM","February 04, 2020 at 07:23PM",499
"February 04, 2020 at 08:51PM","February 04, 2020 at 09:02PM",652
"February 04, 2020 at 10:29PM","February 04, 2020 at 10:36PM",427
"February 05, 2020 at 11:53AM","February 05, 2020 at 12:04PM",643
"February 05, 2020 at 03:12PM","February 05, 2020 at 03:15PM",213
"February 05, 2020 at 06:28PM","February 05, 2020 at 06:35PM",417
"February 05, 2020 at 08:03PM","February 05, 2020 at 08:14PM",641
"February 05, 2020 at 09:41PM","February 05, 2020 at 09:50PM",545
"February 06, 2020 at 11:06AM","February 06, 2020 at 11:16AM",605
"February 06, 2020 at 02:23PM","February 06, 2020 at 02:28PM",340
"February 06, 2020 at 05:40PM","February 06, 2020 at 05:46PM",315
"February 06, 2020 at 07:16PM","February 06, 2020 at 07:26PM",611
"February 06, 2020 at 08:53PM","February 06, 2020 at 09:03PM",611
"February 07, 2020 at 10:19AM","February 07, 2020 at 10:28AM",532
"February 07, 2020 at 01:34PM","February 07, 2020 at 01:41PM",437
"February 07, 2020 at 04:54PM","February 07, 2020 at 04:57PM",179
"February 07, 2020 at 06:29PM","February 07, 2020 at 06:38PM",563
"February 07, 2020 at 08:05PM","February 07, 2020 at 08:16PM",645
"February 07, 2020 at 09:45PM","February 07, 2020 at 09:48PM",155
"February 08, 2020 at 09:33AM","February 08, 2020 at 09:39AM",399
"February 08, 2020 at 11:07AM","February 08, 2020 at 11:18AM",656
"February 08, 2020 at 05:41PM","February 08, 2020 at 05:50PM",499
"February 08, 2020 at 07:17PM","February 08, 2020 at 07:28PM",653
"February 08, 2020 at 08:55PM","February 08, 2020 at 09:03PM",429
"February 09, 2020 at 10:19AM","February 09, 2020 at 10:30AM",643
"February 09, 2020 at 01:38PM","February 09, 2020 at 01:42PM",214
"February 09, 2020 at 04:54PM","February 09, 2020 at 05:01PM",418
"February 09, 2020 at 06:30PM","February 09, 2020 at 06:40PM",641
"February 09, 2020 at 08:07PM","February 09, 2020 at 08:16PM",547
"February 10, 2020 at 09:32AM","February 10, 2020 at 09:42AM",604
"February 10, 2020 at 11:09AM","February 10, 2020 at 11:19AM",620
"February 10, 2020 at 12:49PM","February 10, 2020 at 12:55PM",340
"February 10, 2020 at 04:07PM","February 10, 2020 at 04:12PM",316
"February 10, 2020 at 05:42PM","February 10, 2020 at 05:52PM",611
"February 10, 2020 at 07:19PM","February 10, 2020 at 07:29PM",612
"February 11, 2020 at 10:21AM","February 11, 2020 at 10:32AM",647
"February 11, 2020 at 12:00PM","February 11, 2020 at 12:08PM",438
"February 11, 2020 at 03:20PM","February 11, 2020 at 03:23PM",180
"February 11, 2020 at 04:55PM","February 11, 2020 at 05:04PM",564
"February 11, 2020 at 06:31PM","February 11, 2020 at 06:42PM",645
"February 11, 2020 at 08:11PM","February 11, 2020 at 08:14PM",161
"February 12, 2020 at 07:59AM","February 12, 2020 at 08:06AM",397
"February 12, 2020 at 11:12AM","February 12, 2020 at 11:20AM",516
"February 12, 2020 at 04:08PM","February 12, 2020 at 04:16PM",500
"February 12, 2020 at 05:44PM","February 12, 2020 at 05:55PM",654
"February 12, 2020 at 07:22PM","February 12, 2020 at 07:29PM",431
"February 13, 2020 at 08:46AM","February 13, 2020 at 08:57AM",642
"February 13, 2020 at 10:23AM","February 13, 2020 at 10:33AM",576
"February 13, 2020 at 12:04PM","February 13, 2020 at 12:08PM",215
"February 13, 2020 at 03:20PM","February 13, 2020 at 03:27PM",418
"February 13, 2020 at 04:56PM","February 13, 2020 at 05:07PM",642
"February 13, 2020 at 06:33PM","February 13, 2020 at 06:43PM",548
"February 14, 2020 at 09:35AM","February 14, 2020 at 09:46AM",620
"February 14, 2020 at 11:15AM","February 14, 2020 at 11:21AM",341
"February 14, 2020 at 02:33PM","February 14, 2020 at 02:39PM",316
"February 14, 2020 at 04:09PM","February 14, 2020 at 04:19PM",612
"February 14, 2020 at 05:45PM","February 14, 2020 at 05:56PM",613
"February 15, 2020 at 07:12AM","February 15, 2020 at 07:21AM",529
"February 15, 2020 at 08:47AM","February 15, 2020 at 08:58AM",647
"February 15, 2020 at 10:27AM","February 15, 2020 at 10:34AM",438
"February 15, 2020 at 01:46PM","February 15, 2020 at 01:49PM",180
"February 15, 2020 at 03:21PM","February 15, 2020 at 03:31PM",564
"February 15, 2020 at 04:58PM","February 15, 2020 at 05:08PM",646
"February 15, 2020 at 06:38PM","February 15, 2020 at 06:41PM",168
"February 16, 2020 at 06:26AM","February 16, 2020 at 06:32AM",395
"February 16, 2020 at 08:00AM","February 16, 2020 at 08:11AM",655
"February 16, 2020 at 09:38AM","February 16, 2020 at 09:47AM",516
"February 16, 2020 at 04:10PM","February 16, 2020 at 04:21PM",655
"February 16, 2020 at 05:48PM","February 16, 2020 at 05:55PM",433
"February 17, 2020 at 07:12AM","February 17, 2020 at 07:23AM",641
"February 17, 2020 at 10:31AM","February 17, 2020 at 10:34AM",215
"February 17, 2020 at 01:47PM","February 17, 2020 at 01:54PM",418
"February 17, 2020 at 03:23PM","February 17, 2020 at 03:33PM",642
"February 17, 2020 at 05:00PM","February 17, 2020 at 05:09PM",550
"February 18, 2020 at 06:25AM","February 18, 2020 at 06:35AM",601
"February 18, 2020 at 08:02AM","February 18, 2020 at 08:12AM",619
"February 18, 2020 at 09:42AM","February 18, 2020 at 09:47AM",340
"February 18, 2020 at 01:00PM","February 18, 2020 at 01:05PM",315
"February 18, 2020 at 02:35PM","February 18, 2020 at 02:45PM",612
"February 18, 2020 at 04:12PM","February 18, 2020 at 04:22PM",615
"February 19, 2020 at 07:14AM","February 19, 2020 at 07:25AM",646
"February 19, 2020 at 08:53AM","February 19, 2020 at 09:00AM",437
"February 19, 2020 at 12:13PM","February 19, 2020 at 12:16PM",177
"February 19, 2020 at 01:48PM","February 19, 2020 at 01:57PM",564
"February 19, 2020 at 03:24PM","February 19, 2020 at 03:35PM",647
"February 19, 2020 at 05:04PM","February 19, 2020 at 05:07PM",176
"February 20, 2020 at 06:26AM","February 20, 2020 at 06:37AM",653
"February 20, 2020 at 08:05AM","February 20, 2020 at 08:13AM",515
"February 20, 2020 at 01:00PM","February 20, 2020 at 01:09PM",499
"February 20, 2020 at 02:36PM","February 20, 2020 at 02:47PM",655
"February 20, 2020 at 04:15PM","February 20, 2020 at 04:22PM",435
"February 21, 2020 at 07:16AM","February 21, 2020 at 07:26AM",576
"February 21, 2020 at 08:57AM","February 21, 2020 at 09:01AM",215
"February 21, 2020 at 12:13PM","February 21, 2020 at 12:20PM",417
"February 21, 2020 at 01:49PM","February 21, 2020 at 02:00PM",642
"February 21, 2020 at 03:26PM","February 21, 2020 at 03:35PM",551
"February 22, 2020 at 06:28AM","February 22, 2020 at 06:38AM",619
"February 22, 2020 at 08:08AM","February 22, 2020 at 08:14AM",340
"February 22, 2020 at 11:26AM","February 22, 2020 at 11:31AM",314
"February 22, 2020 at 01:01PM","February 22, 2020 at 01:12PM",612
"February 22, 2020 at 02:38PM","February 22, 2020 at 02:48PM",615
"February 23, 2020 at 04:05AM","February 23, 2020 at 04:13AM",525
"February 23, 2020 at 07:19AM","February 23, 2020 at 07:27AM",437
"February 23, 2020 at 10:39AM","February 23, 2020 at 10:42AM",175
"February 23, 2020 at 12:14PM","February 23, 2020 at 12:24PM",564
"February 23, 2020 at 01:50PM","February 23, 2020 at 02:01PM",647
"February 23, 2020 at 03:30PM","February 23, 2020 at 03:33PM",182
"February 24, 2020 at 03:18AM","February 24, 2020 at 03:25AM",388
"February 24, 2020 at 06:31AM","February 24, 2020 at 06:39AM",515
"February 24, 2020 at 11:27AM","February 24, 2020 at 11:35AM",499
"February 24, 2020 at 01:03PM","February 24, 2020 at 01:14PM",655
"February 24, 2020 at 02:41PM","February 24, 2020 at 02:48PM",437
"February 25, 2020 at 04:05AM","February 25, 2020 at 04:16AM",639
"February 25, 2020 at 05:43AM","February 25, 2020 at 05:52AM",575
"February 25, 2020 at 07:24AM","February 25, 2020 at 07:27AM",214
"February 25, 2020 at 10:40AM","February 25, 2020 at 10:47AM",416
"February 25, 2020 at 12:15PM","February 25, 2020 at 12:26PM",642
"February 25, 2020 at 01:53PM","February 25, 2020 at 02:02PM",552
"February 26, 2020 at 03:18AM","February 26, 2020 at 03:28AM",599
"February 26, 2020 at 04:54AM","February 26, 2020 at 05:05AM",619
"February 26, 2020 at 06:35AM","February 26, 2020 at 06:40AM",340
"February 26, 2020 at 09:52AM","February 26, 2020 at 09:58AM",313
"February 26, 2020 at 11:28AM","February 26, 2020 at 11:38AM",611
"February 26, 2020 at 01:05PM","February 26, 2020 at 01:15PM",616
"February 27, 2020 at 04:07AM","February 27, 2020 at 04:17AM",645
"February 27, 2020 at 05:46AM","February 27, 2020 at 05:53AM",437
"February 27, 2020 at 09:06AM","February 27, 2020 at 09:08AM",173
"February 27, 2020 at 10:40AM","February 27, 2020 at 10:50AM",563
"February 27, 2020 at 12:17PM","February 27, 2020 at 12:28PM",648
"February 27, 2020 at 01:57PM","February 27, 2020 at 02:00PM",187
"February 28, 2020 at 03:19AM","February 28, 2020 at 03:30AM",652
"February 28, 2020 at 04:57AM","February 28, 2020 at 05:06AM",515
"February 28, 2020 at 09:53AM","February 28, 2020 at 10:01AM",498
"February 28, 2020 at 11:29AM","February 28, 2020 at 11:40AM",655
"February 28, 2020 at 01:07PM","February 28, 2020 at 01:15PM",439
"February 29, 2020 at 02:31AM","February 29, 2020 at 02:42AM",638
"February 29, 2020 at 04:09AM","February 29, 2020 at 04:18AM",575
"February 29, 2020 at 09:06AM","February 29, 2020 at 09:13AM",415
"February 29, 2020 at 10:42AM","February 29, 2020 at 10:52AM",642
"February 29, 2020 at 12:19PM","February 29, 2020 at 12:28PM",553
"March 01, 2020 at 01:44AM","March 01, 2020 at 01:54AM",598
"March 01, 2020 at 05:01AM","March 01, 2020 at 05:07AM",340
"March 01, 2020 at 08:19AM","March 01, 2020 at 08:24AM",311
"March 01, 2020 at 09:54AM","March 01, 2020 at 10:04AM",611
"March 01, 2020 at 11:31AM","March 01, 2020 at 11:41AM",617
"March 02, 2020 at 12:57AM","March 02, 2020 at 01:06AM",521
"March 02, 2020 at 02:33AM","March 02, 2020 at 02:44AM",644
"March 02, 2020 at 04:12AM","March 02, 2020 at 04:19AM",437
"March 02, 2020 at 07:32AM","March 02, 2020 at 07:35AM",169
"March 02, 2020 at 09:07AM","March 02, 2020 at 09:16AM",562
"March 02, 2020 at 10:43AM","March 02, 2020 at 10:54AM",648
"March 02, 2020 at 12:23PM","March 02, 2020 at 12:26PM",193
"March 03, 2020 at 01:45AM","March 03, 2020 at 01:56AM",651
"March 03, 2020 at 03:24AM","March 03, 2020 at 03:32AM",515
"March 03, 2020 at 08:19AM","March 03, 2020 at 08:28AM",496
"March 03, 2020 at 09:55AM","March 03, 2020 at 10:06AM",655
"March 03, 2020 at 11:33AM","March 03, 2020 at 11:41AM",443
"March 04, 2020 at 12:58AM","March 04, 2020 at 01:08AM",636
"March 04, 2020 at 02:35AM","March 04, 2020 at 02:45AM",575
"March 04, 2020 at 04:16AM","March 04, 2020 at 04:20AM",215
"March 04, 2020 at 07:32AM","March 04, 2020 at 07:39AM",412
"March 04, 2020 at 09:08AM","March 04, 2020 at 09:18AM",641
"March 04, 2020 at 10:45AM","March 04, 2020 at 10:54AM",556
"March 05, 2020 at 01:47AM","March 05, 2020 at 01:57AM",618
"March 05, 2020 at 03:27AM","March 05, 2020 at 03:33AM",341
"March 05, 2020 at 06:45AM","March 05, 2020 at 06:50AM",307
"March 05, 2020 at 08:20AM","March 05, 2020 at 08:30AM",609
"March 05, 2020 at 09:57AM","March 05, 2020 at 10:07AM",618
"March 06, 2020 at 12:59AM","March 06, 2020 at 01:10AM",643
"March 06, 2020 at 02:38AM","March 06, 2020 at 02:45AM",438
"March 06, 2020 at 07:33AM","March 06, 2020 at 07:42AM",560
"March 06, 2020 at 09:09AM","March 06, 2020 at 09:20AM",648
"March 06, 2020 at 10:49AM","March 06, 2020 at 10:52AM",205
"March 06, 2020 at 10:37PM","March 06, 2020 at 10:44PM",375
"March 07, 2020 at 12:11AM","March 07, 2020 at 12:22AM",650
"March 07, 2020 at 01:50AM","March 07, 2020 at 01:58AM",515
"March 07, 2020 at 06:46AM","March 07, 2020 at 06:54AM",494
"March 07, 2020 at 08:21AM","March 07, 2020 at 08:32AM",655
"March 07, 2020 at 10:00AM","March 07, 2020 at 10:07AM",445
"March 08, 2020 at 01:01AM","March 08, 2020 at 01:11AM",575
"March 08, 2020 at 02:42AM","March 08, 2020 at 02:46AM",214
"March 08, 2020 at 05:58AM","March 08, 2020 at 06:05AM",409
"March 08, 2020 at 07:34AM","March 08, 2020 at 07:45AM",641
"March 08, 2020 at 09:11AM","March 08, 2020 at 09:20AM",556
"March 09, 2020 at 12:13AM","March 09, 2020 at 12:23AM",618
"March 09, 2020 at 01:53AM","March 09, 2020 at 01:59AM",341
"March 09, 2020 at 05:11AM","March 09, 2020 at 05:16AM",303
"March 09, 2020 at 06:46AM","March 09, 2020 at 06:57AM",608
"March 09, 2020 at 08:23AM","March 09, 2020 at 08:33AM",618
"March 09, 2020 at 11:25PM","March 09, 2020 at 11:36PM",643
"March 10, 2020 at 01:04AM","March 10, 2020 at 01:12AM",438
"March 10, 2020 at 04:24AM","March 10, 2020 at 04:27AM",155
"March 10, 2020 at 05:59AM","March 10, 2020 at 06:08AM",558
"March 10, 2020 at 07:35AM","March 10, 2020 at 07:46AM",648
"March 10, 2020 at 09:15AM","March 10, 2020 at 09:19AM",212
"March 10, 2020 at 09:03PM","March 10, 2020 at 09:10PM",371
"March 11, 2020 at 12:16AM","March 11, 2020 at 12:24AM",515
"March 11, 2020 at 05:12AM","March 11, 2020 at 05:20AM",491
"March 11, 2020 at 06:48AM","March 11, 2020 at 06:59AM",654
"March 11, 2020 at 08:26AM","March 11, 2020 at 08:33AM",447
"March 11, 2020 at 09:50PM","March 11, 2020 at 10:00PM",634
"March 11, 2020 at 11:27PM","March 11, 2020 at 11:37PM",575
"March 12, 2020 at 01:08AM","March 12, 2020 at 01:12AM",215
"March 12, 2020 at 04:24AM","March 12, 2020 at 04:31AM",406
"March 12, 2020 at 06:00AM","March 12, 2020 at 06:11AM",639
"March 12, 2020 at 07:37AM","March 12, 2020 at 07:47AM",557
"March 12, 2020 at 09:03PM","March 12, 2020 at 09:13PM",592
"March 13, 2020 at 12:19AM","March 13, 2020 at 12:25AM",342
"March 13, 2020 at 03:37AM","March 13, 2020 at 03:42AM",299
"March 13, 2020 at 05:13AM","March 13, 2020 at 05:23AM",606
"March 13, 2020 at 06:49AM","March 13, 2020 at 07:00AM",618
"March 13, 2020 at 08:16PM","March 13, 2020 at 08:24PM",512
"March 13, 2020 at 09:51PM","March 13, 2020 at 10:02PM",643
"March 13, 2020 at 11:30PM","March 13, 2020 at 11:38PM",439
"March 14, 2020 at 02:50AM","March 14, 2020 at 02:53AM",148
"March 14, 2020 at 04:25AM","March 14, 2020 at 04:34AM",556
"March 14, 2020 at 06:01AM","March 14, 2020 at 06:12AM",648
"March 14, 2020 at 07:41AM","March 14, 2020 at 07:45AM",220
"March 14, 2020 at 09:04PM","March 14, 2020 at 09:14PM",649
"March 14, 2020 at 10:42PM","March 14, 2020 at 10:50PM",516
"March 15, 2020 at 03:38AM","March 15, 2020 at 03:46AM",489
"March 15, 2020 at 05:14AM","March 15, 2020 at 05:25AM",653
"March 15, 2020 at 06:52AM","March 15, 2020 at 06:59AM",450
"March 15, 2020 at 08:16PM","March 15, 2020 at 08:27PM",633
"March 15, 2020 at 09:53PM","March 15, 2020 at 10:03PM",575
"March 15, 2020 at 11:34PM","March 15, 2020 at 11:38PM",216
"March 16, 2020 at 02:51AM","March 16, 2020 at 02:57AM",403
"March 16, 2020 at 04:26AM","March 16, 2020 at 04:37AM",638
"March 16, 2020 at 06:03AM","March 16, 2020 at 06:13AM",559
"March 16, 2020 at 09:05PM","March 16, 2020 at 09:16PM",618
"March 16, 2020 at 10:45PM","March 16, 2020 at 10:51PM",343
"March 17, 2020 at 02:03AM","March 17, 2020 at 02:08AM",295
"March 17, 2020 at 03:39AM","March 17, 2020 at 03:49AM",605
"March 17, 2020 at 05:15AM","March 17, 2020 at 05:26AM",619
"March 17, 2020 at 06:42PM","March 17, 2020 at 06:51PM",510
"March 17, 2020 at 08:17PM","March 17, 2020 at 08:28PM",643
"March 17, 2020 at 09:56PM","March 17, 2020 at 10:04PM",440
"March 18, 2020 at 01:17AM","March 18, 2020 at 01:19AM",140
"March 18, 2020 at 02:51AM","March 18, 2020 at 03:00AM",554
"March 18, 2020 at 04:28AM","March 18, 2020 at 04:38AM",647
"March 18, 2020 at 06:07AM","March 18, 2020 at 06:11AM",226
"March 18, 2020 at 07:30PM","March 18, 2020 at 07:40PM",648
"March 18, 2020 at 09:08PM","March 18, 2020 at 09:16PM",516
"March 19, 2020 at 02:04AM","March 19, 2020 at 02:12AM",486
"March 19, 2020 at 03:40AM","March 19, 2020 at 03:51AM",652
"March 19, 2020 at 05:18AM","March 19, 2020 at 05:25AM",452
"March 19, 2020 at 06:42PM","March 19, 2020 at 06:53PM",632
"March 19, 2020 at 08:20PM","March 19, 2020 at 08:29PM",576
"March 19, 2020 at 10:01PM","March 19, 2020 at 10:04PM",217
"March 20, 2020 at 01:17AM","March 20, 2020 at 01:23AM",399
"March 20, 2020 at 02:52AM","March 20, 2020 at 03:03AM",637
"March 20, 2020 at 04:29AM","March 20, 2020 at 04:39AM",559
"March 20, 2020 at 05:55PM","March 20, 2020 at 06:05PM",589
"March 20, 2020 at 07:31PM","March 20, 2020 at 07:42PM",618
"March 20, 2020 at 09:11PM","March 20, 2020 at 09:17PM",344
"March 21, 2020 at 12:29AM","March 21, 2020 at 12:34AM",290
"March 21, 2020 at 02:05AM","March 21, 2020 at 02:15AM",603
"March 21, 2020 at 03:41AM","March 21, 2020 at 03:52AM",619
"March 21, 2020 at 06:43PM","March 21, 2020 at 06:54PM",643
"March 21, 2020 at 08:23PM","March 21, 2020 at 08:30PM",441
"March 21, 2020 at 11:43PM","March 21, 2020 at 11:45PM",131
"March 22, 2020 at 01:17AM","March 22, 2020 at 01:27AM",552
"March 22, 2020 at 02:54AM","March 22, 2020 at 03:04AM",647
"March 22, 2020 at 04:33AM","March 22, 2020 at 04:37AM",232